Genes	baseMean	log2FoldChange	lfcSE	stat	pvalue	padj	transcript_ID	FlyBase_ID	FlyBase_reverse_hits_IDs	FlyBase_symbol_name	gbue11	gbue11_revhits	orthodb	orthodb_revhits	Annotated_Gene_Ontology_terms	FlyBase_reference_ID1	FlyBase_reference_ID2	FlyBase_Annotation_Symbol_ID1	FlyBase_Annotation_Symbol_ID2	FlyMine_ID1	FlyMine_ID2	GB_protein_ID1	GB_protein_ID2	GB_protein_ID3	GB_protein_ID4	GB_protein_ID5	NCBI_Reference_Sequence_ID1	NCBI_Reference_Sequence_ID2	UniProt_Swiss-Prot_ID	UniProt_TrEMBL_ID1	UniProt_TrEMBL_ID2	modMine	modMine_2
gbgene898	50282.2933422622	3.18665147135842	0.375224271502857	8.49281446843104	2.01692141069787e-17	2.71699483235111e-13	gbgene898.t1	FBgn0053126	gbgene898.t1,gbgene11898.t1,gbgene13186.t1,gbgene17088.t1,gbgene17088.t2	NLaz-PC	GBUE013120-PA		56086_0_00333f		GO:0000302,GO:0005615,GO:0005737,GO:0006629,GO:0006979,GO:0008340,GO:0031409,GO:0032504,GO:0033500,GO:0070328	FBpp0310390		CG33126-PC				AHN54075					NP_001285560			Q8SXR1			
gbgene18399	4719.41064222729	5.47217063433783	0.660615318009431	8.30708810916151	9.80791214533117e-17	1.32122384509756e-12	gbgene18399.t1	FBgn0000042	gbgene1363.t1,gbgene7972.t1,gbgene9345.t1,gbgene18399.t1	Act5C-PE	GBUE004880-PA	gbgene1363.t1,gbgene6302.t1,gbgene7972.t1,gbgene9640.t1,gbgene18399.t1	108931_0_0005ec		GO:0000281,GO:0006338,GO:0007291,GO:0031011,GO:0032507,GO:0035060,GO:0035148	FBpp0311818		CG4027-PE				AHN59386					NP_001284915		P10987				
gbgene7672	57572.1989547611	-4.53703656570831	0.952828618088298	-7.38306254249907	1.54689315293287e-13	2.08381976631587e-09	gbgene7672.t1				GBUE001589-PA		56086_0_000634																				
gbgene2487	98.9639623042805	-1.0610887648853	0.868372946758628	-7.24566816785309	4.30312483601809e-13	5.79673946659996e-09	gbgene2487.t1	FBgn0030592	gbgene2487.t1,gbgene14616.t1,gbgene14625.t2	CG9514-PA	GBUE009036-PA		56086_0_00234b		GO:0016491,GO:0016614,GO:0045455,GO:0050660	FBpp0073797		CG9514-PA		FBpp0073797		AAF48400.1	AAF48400				NP_572981			Q9VY06		FBpp0073797	
gbgene15915	36591.4534399807	-4.50257993023928	0.953317548342053	-7.17849580463953	7.04825532781262e-13	9.49470475209638e-09	gbgene15915.t1				GBUE015209-PA		56086_0_003b68																				
gbgene12445	113.188279546785	5.70681418621959	0.755119738440865	7.14340145788557	9.10492020932212e-13	1.22652380139778e-08	gbgene12445.t1				GBUE013854-PA		7029_0_0085c3																				
gbgene7693	9930.18076629295	-4.15942438458799	0.962058581812281	-7.11615518799379	1.10979333677348e-12	1.49500260396755e-08	gbgene7693.t1				GBUE008373-PA	gbgene7682.t1,gbgene7693.t1,gbgene7693.t2	56086_0_0020b4	gbgene7682.t1,gbgene7693.t1,gbgene7693.t2																			
gbgene7693	9930.18076629295	-4.15942438458799	0.962058581812281	-7.11615518799379	1.10979333677348e-12	1.49500260396755e-08	gbgene7693.t2				GBUE008373-PA	gbgene7682.t1,gbgene7693.t1,gbgene7693.t2	56086_0_0020b4	gbgene7682.t1,gbgene7693.t1,gbgene7693.t2																			
gbgene5076	22887.5707104119	-4.39123126004569	0.956125157199462	-7.07467354005666	1.49800994356436e-12	2.01796919497555e-08	gbgene5076.t1	FBgn0050101	gbgene170.t1,gbgene2296.t1,gbgene5070.t1,gbgene5074.t1,gbgene5076.t1,gbgene5077.t1,gbgene5754.t1,gbgene9508.t1,gbgene9509.t1,gbgene9510.t1,gbgene9513.t1,gbgene13284.t1,gbgene14564.t1	Vajk4-PA	GBUE004642-PA		56086_0_001221		GO:0005214,GO:0008061,GO:0040003,GO:0062129	FBpp0086118		CG30101-PA		FBpp0086118		AAF57876.1	AAF57876				NP_611205			Q7K0W4		FBpp0086118	
gbgene11933	578.212708297617	3.29132922913042	0.467074973040471	7.04310732303712	1.87999308334033e-12	2.53253868256776e-08	gbgene11933.t1	FBgn0000261	gbgene9838.t1,gbgene9840.t1,gbgene11932.t1,gbgene11933.t1	Cat-PA	GBUE017532-PA		56086_0_00447b		GO:0003007,GO:0004096,GO:0005737,GO:0005739,GO:0005777,GO:0007568,GO:0008340,GO:0020037,GO:0034976,GO:0035206,GO:0036335,GO:0038001,GO:0042542,GO:0042744,GO:0048167,GO:0072593	FBpp0074825		CG6871-PA		FBpp0074825		AAF49228.1	AAF49228				NP_536731		P17336			FBpp0074825	
gbgene6642	1715.40172002955	-5.409020359717	0.777891011893332	-7.04129677638308	1.90458850623386e-12	2.56567117674763e-08	gbgene6642.t1	FBgn0029690	gbgene6642.t1,gbgene7265.t1,gbgene7307.t1,gbgene7308.t1,gbgene13488.t1,gbgene13489.t1,gbgene13785.t1,gbgene15082.t1,gbgene15480.t1,gbgene17332.t2,gbgene17846.t2,gbgene20092.t1,gbgene20094.t1	CG6414-PB	GBUE004118-PA	gbgene6232.t2,gbgene6642.t1,gbgene7265.t1,gbgene19628.t1	56086_0_001015		GO:0052689	FBpp0401489		CG6414-PB				ALI51142					NP_001303565			Q9W4N5			
gbgene14984	9611.78155691307	3.84635273570928	0.556669521214173	6.91254303481052	4.76041515881756e-12	6.41275526044313e-08	gbgene14984.t1																										
gbgene9359	3488.31031792564	-4.29934203937644	0.958517320380827	-6.90569329433656	4.99588315021288e-12	6.72995419165178e-08	gbgene9359.t1	FBgn0032538	gbgene4712.t1,gbgene5757.t1,gbgene5758.t1,gbgene8521.t1,gbgene9359.t1,gbgene9512.t1,gbgene14565.t1	Vajk2-PA	GBUE017122-PA		56086_0_0042e1		GO:0005214,GO:0008061,GO:0040003,GO:0062129	FBpp0080135		CG16885-PA		FBpp0080135		AAF53358.2	AAF53358				NP_609689			Q8SZM2		FBpp0080135	
gbman.GBUE006904-PA.1	4521.06699076897	-3.89906686048176	0.967581730617008	-6.86134388337094	6.82157274495626e-12	9.18934064473057e-08	gbman.GBUE006904-PA.1.t1	FBgn0036878	gbgene9382.t1,gbgene15499.t1,gbgene15500.t1,gbgene15502.t1,gbgene15503.t1,gbgene15504.t1,gbgene15505.t1,gbgene15506.t1,gbgene15509.t1,gbgene15509.t2	Cpr76Ba-PA	GBUE006904-PA	gbgene15509.t1,gbgene15509.t2	56086_0_001af7	gbgene15509.t1,gbgene15509.t2	GO:0008010,GO:0031012,GO:0040003,GO:0062129	FBpp0074745		CG9283-PA		FBpp0074745		AAF49153.1	AAF49153				NP_649120			Q9VW02		FBpp0074745	
gbman.GBUE019031-PA.1	25985.5601994942	-4.61246739581809	0.948248187517502	-6.73844467015702	1.60090996845793e-11	2.15658581850968e-07	gbman.GBUE019031-PA.1.t1	FBgn0250833	gbgene3941.t1,gbgene3941.t2,gbgene4699.t1,gbgene5075.t1,gbgene11355.t1,gbgene11357.t1,gbgene11360.t1,gbgene11360.t2,gbgene14852.t1,gbgene15501.t1,gbgene15687.t1	CG34461-PB	GBUE019031-PA		56086_0_004a56		GO:0008010,GO:0031012,GO:0040003,GO:0062129	FBpp0305270		CG34461-PB				AGB94271					NP_001261576			Q5U126			
gbgene8521	171520.20629654	-4.4390250263826	0.953676341615391	-6.73235303541073	1.66940977285592e-11	2.24886190501422e-07	gbgene8521.t1	FBgn0032538	gbgene4712.t1,gbgene5757.t1,gbgene5758.t1,gbgene8521.t1,gbgene9359.t1,gbgene9512.t1,gbgene14565.t1	Vajk2-PA	GBUE003011-PA		56086_0_000bc2		GO:0005214,GO:0008061,GO:0040003,GO:0062129	FBpp0080135		CG16885-PA		FBpp0080135		AAF53358.2	AAF53358				NP_609689			Q8SZM2		FBpp0080135	
gbgene8756	625.478727064325	2.938540008439	0.440290562004196	6.67152783856597	2.53153921494342e-11	3.41023647645028e-07	gbgene8756.t1	FBgn0030841	gbgene8756.t1,gbgene13004.t1	CG8568-PA	GBUE000497-PA		56086_0_0001f0		GO:0003674,GO:0005575,GO:0008150	FBpp0074210		CG8568-PA		FBpp0074210		AAF48731.1	AAF48731				NP_573217			Q9VX49		FBpp0074210	
gbman.GBUE020375-PA.2	2979.80361380016	-4.24504300219865	0.959302518380585	-6.63789855000029	3.18186726728582e-11	4.28629339576072e-07	gbman.GBUE020375-PA.2.t1								GO:0008010,GO:0031012,GO:0040003,GO:0062129	FBpp0074745		CG9283-PA		FBpp0074745		AAF49153.1	AAF49153				NP_649120			Q9VW02		FBpp0074745	
gbman.GBUE006895-PA.1	9752.39420845384	-4.26810180645944	0.958265047333144	-6.60505911913166	3.97358740957489e-11	5.35281959943833e-07	gbman.GBUE006895-PA.1.t1	FBgn0036878	gbgene9382.t1,gbgene15499.t1,gbgene15500.t1,gbgene15502.t1,gbgene15503.t1,gbgene15504.t1,gbgene15505.t1,gbgene15506.t1,gbgene15509.t1,gbgene15509.t2	Cpr76Ba-PA	GBUE006895-PA		56086_0_001aee		GO:0008010,GO:0031012,GO:0040003,GO:0062129	FBpp0074745		CG9283-PA		FBpp0074745		AAF49153.1	AAF49153				NP_649120			Q9VW02		FBpp0074745	
gbgene17373	989.15254750533	3.10021754687451	0.469340812200707	6.60410840933401	3.99916806729393e-11	5.38727930345166e-07	gbgene17373.t1	FBgn0037395	gbgene1323.t1,gbgene17373.t1	CG10280-PB	GBUE010754-PA		56086_0_002a01		GO:0004222,GO:0006508,GO:0008270	FBpp0301222		CG10280-PB				AFH06261					NP_001246942			A0A0B4K600			
gbman.GBUE006899-PA.1	2678.77347393189	-4.30454068752812	0.957462022196021	-6.56106174926031	5.34259897697104e-11	7.19701508187769e-07	gbman.GBUE006899-PA.1.t1	FBgn0036878	gbgene9382.t1,gbgene15499.t1,gbgene15500.t1,gbgene15502.t1,gbgene15503.t1,gbgene15504.t1,gbgene15505.t1,gbgene15506.t1,gbgene15509.t1,gbgene15509.t2	Cpr76Ba-PA	GBUE006899-PA		56086_0_001af2		GO:0008010,GO:0031012,GO:0040003,GO:0062129	FBpp0074745		CG9283-PA		FBpp0074745		AAF49153.1	AAF49153				NP_649120			Q9VW02		FBpp0074745	
gbman.GBUE006892-PA.1	2485.67398584306	-4.4328497949662	0.953777532754129	-6.56053640570101	5.36145627598396e-11	7.22241774937799e-07	gbman.GBUE006892-PA.1.t1	FBgn0036878	gbgene9382.t1,gbgene15499.t1,gbgene15500.t1,gbgene15502.t1,gbgene15503.t1,gbgene15504.t1,gbgene15505.t1,gbgene15506.t1,gbgene15509.t1,gbgene15509.t2	Cpr76Ba-PA	GBUE006892-PA		56086_0_001aeb		GO:0008010,GO:0031012,GO:0040003,GO:0062129	FBpp0074745		CG9283-PA		FBpp0074745		AAF49153.1	AAF49153				NP_649120			Q9VW02		FBpp0074745	
gbgene12463	2793.49250334042	-3.95632603720941	0.603458695545571	-6.56017975212858	5.37429550790993e-11	7.23971347870547e-07	gbgene12463.t1	FBgn0034580		Cht8-PA	GBUE019583-PA		286706_0_002d8b		GO:0004568,GO:0005576,GO:0005975,GO:0006032,GO:0008061,GO:0018990	FBpp0071463		CG9357-PA		FBpp0071463		AAF46663.2	AAF46663.1	AAF46663			NP_611542			Q9W2M7		FBpp0071463	
gbman.GBUE000895-PA.1	40030.026183281	-4.27431450486649	0.957725434957412	-6.5281620825554	6.65816254009989e-11	8.96921075776856e-07	gbman.GBUE000895-PA.1.t1								GO:0008010,GO:0031012,GO:0040003,GO:0062129	FBpp0076328		CG7076-PA		FBpp0076328		AAF50442.1	AAF50442				NP_648209			Q9VSH7		FBpp0076328	
gbgene5757	4799.01248709472	-4.28645835765164	0.957377857353375	-6.46864939839538	9.8882723843677e-11	1.33204917289817e-06	gbgene5757.t1	FBgn0032538	gbgene4712.t1,gbgene5757.t1,gbgene5758.t1,gbgene8521.t1,gbgene9359.t1,gbgene9512.t1,gbgene14565.t1	Vajk2-PA	GBUE020400-PA	gbgene5757.t1,gbgene5758.t1,gbgene5759.t1	56086_0_0023e2	gbgene5757.t1,gbgene5758.t1	GO:0005214,GO:0008061,GO:0040003,GO:0062129	FBpp0080135		CG16885-PA		FBpp0080135		AAF53358.2	AAF53358				NP_609689			Q8SZM2		FBpp0080135	
gbgene15147	1195.51695216803	-5.26183427099954	0.839836010293366	-6.45460263618975	1.08503221801012e-10	1.46164690088143e-06	gbgene15147.t1	FBgn0050413	gbgene7227.t1,gbgene7228.t1,gbgene13673.t1,gbgene15147.t1	CG30413-PA	GBUE009673-PA	gbgene7227.t1,gbgene7228.t1,gbgene15147.t1	56086_0_0025c8	gbgene7227.t1,gbgene7228.t1,gbgene15147.t1	GO:0003674,GO:0005575,GO:0008150	FBpp0071949		CG30413-PA		FBpp0071949		AAM68241.1	AAM68241				NP_726308			Q8MLS3		FBpp0071949	
gbgene1080	4547.86833304646	3.4371208602085	0.533060549930294	6.44917889461783	1.12457756558402e-10	1.51491843859823e-06	gbgene1080.t1	FBgn0037664		CG8420-PA	GBUE013572-PA		56086_0_003503		GO:0003674,GO:0005615,GO:0032504	FBpp0081453		CG8420-PA		FBpp0081453		AAF54343.1	AAF54343				NP_649869			Q9VHH1		FBpp0081453	
gbgene17286	9275.31856846214	-4.39332799347953	0.953702403462171	-6.41092539148743	1.44638971890492e-10	1.94843159033682e-06	gbgene17286.t1	FBgn0038819	gbgene11480.t1,gbgene11481.t1,gbgene11482.t1,gbgene11488.t1,gbgene17286.t1	Cpr92F-PA	GBUE007499-PA		56086_0_001d4a		GO:0008010,GO:0031012,GO:0040003,GO:0062129	FBpp0083327		CG5494-PA		FBpp0083327		AAF55794.1	AAF55794				NP_650905			Q9VDJ8		FBpp0083327	
gbgene7683	11488.3370675861	-4.76133321159605	0.939178913030499	-6.40053290457308	1.54835576743409e-10	2.08579005431046e-06	gbgene7683.t1				GBUE008383-PA		56086_0_0020be																				
gbman.GBUE000894-PA.1	2748.88230572073	-3.92607566892564	0.966466714042808	-6.39465494711833	1.60910305113679e-10	2.16762272018637e-06	gbman.GBUE000894-PA.1.t1	FBgn0036878	gbgene9382.t1,gbgene15499.t1,gbgene15500.t1,gbgene15502.t1,gbgene15503.t1,gbgene15504.t1,gbgene15505.t1,gbgene15506.t1,gbgene15509.t1,gbgene15509.t2	Cpr76Ba-PA	GBUE000894-PA		56086_0_00037d		GO:0008010,GO:0031012,GO:0040003,GO:0062129	FBpp0074745		CG9283-PA		FBpp0074745		AAF49153.1	AAF49153				NP_649120			Q9VW02		FBpp0074745	
gbman.GBUE000897-PA.1	27775.380159884	-4.27002989412539	0.95724259911882	-6.3754142201513	1.82469097873909e-10	2.45804121745942e-06	gbman.GBUE000897-PA.1.t1	FBgn0036879	gbgene9375.t1,gbgene9377.t1,gbgene9378.t1,gbgene9379.t1,gbgene9380.t1,gbgene9381.t1,gbgene9384.t1	Cpr76Bb-PA	GBUE000897-PA		56086_0_000380		GO:0008010,GO:0031012,GO:0040003,GO:0062129	FBpp0074702		CG9290-PA		FBpp0074702		AAF49152.1	AAF49152				NP_649121			Q9VW03		FBpp0074702	
gbgene16793	1293.86179812797	-5.26952112670586	0.881763526228677	-6.35747019671417	2.05103448429058e-10	2.76294855378784e-06	gbgene16793.t1				GBUE009348-PA	gbgene16792.t1,gbgene16793.t1	56086_0_002483	gbgene16792.t1,gbgene16793.t1																			
gbgene15534	2424.30991301506	-3.79891116022893	0.969078434262208	-6.31486702848771	2.70393866158575e-10	3.64247577102217e-06	gbgene15534.t1				GBUE017982-PA		56086_0_00463d																				
gbgene17833	39735.1194667335	-4.27474437044745	0.956794319395897	-6.31315320435658	2.73406589919116e-10	3.68306017280041e-06	gbgene17833.t1				GBUE013422-PA	gbgene17833.t1,gbgene17834.t1	56086_0_00346d																				
gbgene13284	119970.082299682	-4.29733084365025	0.95603299717129	-6.30486981194911	2.88436239807022e-10	3.88552458644039e-06	gbgene13284.t1	FBgn0050101	gbgene170.t1,gbgene2296.t1,gbgene5070.t1,gbgene5074.t1,gbgene5076.t1,gbgene5077.t1,gbgene5754.t1,gbgene9508.t1,gbgene9509.t1,gbgene9510.t1,gbgene9513.t1,gbgene13284.t1,gbgene14564.t1	Vajk4-PA	GBUE010600-PA		56086_0_002967		GO:0005214,GO:0008061,GO:0040003,GO:0062129	FBpp0086118		CG30101-PA		FBpp0086118		AAF57876.1	AAF57876				NP_611205			Q7K0W4		FBpp0086118	
gbgene8288	3176.27781485978	2.84552222344891	0.451864029425239	6.29733664010119	3.0280320155573e-10	4.07906192815724e-06	gbgene8288.t1	FBgn0263109		CG43366-PB	GBUE008161-PA		56086_0_001fe0		GO:0004867,GO:0005615,GO:0008150	FBpp0298308	FBpp0085385	CG43366-PB	CG14470-PA			AAF57301					NP_610188			A1Z6I3			
gbgene5761	4995.97697678317	-3.98113668241046	0.964822502297469	-6.28699609511942	3.23667514565554e-10	4.36012508871258e-06	gbgene5761.t1	FBgn0039027	gbgene5759.t1,gbgene5761.t1,gbgene8218.t1,gbgene8220.t1,gbgene14523.t1	CG7031-PC	GBUE012390-PA		56086_0_003062			FBpp0311449		CG7031-PC				AHN57474					NP_001287475			A0A0B4LHI0			
gbgene7681	13333.616318159	-3.20785352694519	0.97763137275811	-6.2281013282058	4.72121695902694e-10	6.35995136550519e-06	gbgene7681.t1				GBUE008384-PA		56086_0_0020bf																				
gbman.GBUE011199-PA.1	98611.5639476322	-4.94841669584155	0.922095029272339	-6.22345996341677	4.86308957780922e-10	6.5510679702668e-06	gbman.GBUE011199-PA.1.t1	FBgn0035511	gbgene2941.t1,gbgene5865.t1,gbgene11965.t1	Cpr64Ab-PA	GBUE011199-PA	gbgene2941.t1,gbgene18912.t1	56086_0_002d21		GO:0008010,GO:0031012,GO:0040003,GO:0062129	FBpp0081193	FBpp0073109	CG15007-PA	CG1331-PA	FBpp0081193	FBpp0073109	AAF54095.1	AAF54095	AAF47862.1	AAF47862		NP_649678	NP_647873		Q9VZG1	O97063	FBpp0081193	FBpp0073109
gbgene19283	4223.63553597455	3.74813948092909	0.605852133725138	6.19101948498889	5.97763185681199e-10	8.05246787431143e-06	gbgene19283.t1				GBUE015683-PA		56086_0_003d42																				
gbgene15749	29425.6553951391	-4.70686522026587	0.937722921443334	-6.16658928968304	6.97786857249376e-10	9.39988675400635e-06	gbgene15749.t1	FBgn0030539	gbgene15679.t1,gbgene15749.t1	CG1368-PA	GBUE016994-PA		56086_0_004261		GO:0003713,GO:0045944,GO:0090575	FBpp0073708		CG1368-PA		FBpp0073708		AAF48343.1	AAF48343				NP_572939			Q9VY62		FBpp0073708	
gbgene1837	31529.6346671785	-4.83477596858942	0.796111262312115	-6.16650028089573	6.98179567592882e-10	9.40517695504372e-06	gbgene1837.t1						143948_0_0000b3																				
gbgene7689	1180.38404318744	4.47764971550109	0.729898827016271	6.16105531061208	7.22617441107328e-10	9.73437954915682e-06	gbgene7689.t1						56086_0_0020b8																				
gbgene14858	18718.1803280725	-4.29230493339923	0.955270570582987	-6.14269211501299	8.11344548091703e-10	1.09296224073433e-05	gbgene14858.t1	FBgn0037428		Osi18-PA	GBUE016603-PA		56086_0_0040da		GO:0003674,GO:0005887,GO:0008150	FBpp0078260		CG1169-PA		FBpp0078260		AAF51889.2	AAF51889				NP_649639			Q9VNP0		FBpp0078260	
gbgene7125	185701.321360334	-4.09593249402725	0.961217303525853	-6.13746021499301	8.38512096577911e-10	1.1295596453001e-05	gbgene7125.t2	FBgn0029807	gbgene1454.t1,gbgene5116.t1,gbgene7125.t1,gbgene7125.t2	CG3108-PA	GBUE008947-PA	gbgene7125.t1,gbgene7125.t2	56086_0_0022f2	gbgene7125.t1,gbgene7125.t2	GO:0004181,GO:0005615,GO:0006508,GO:0008270	FBpp0070798		CG3108-PA		FBpp0070798		AAF46083.2	AAF46083				NP_572262			Q9W475		FBpp0070798	
gbgene7125	185701.321360334	-4.09593249402725	0.961217303525853	-6.13746021499301	8.38512096577911e-10	1.1295596453001e-05	gbgene7125.t1	FBgn0029807	gbgene1454.t1,gbgene5116.t1,gbgene7125.t1,gbgene7125.t2	CG3108-PA	GBUE008947-PA	gbgene7125.t1,gbgene7125.t2	56086_0_0022f2	gbgene7125.t1,gbgene7125.t2	GO:0004181,GO:0005615,GO:0006508,GO:0008270	FBpp0070798		CG3108-PA		FBpp0070798		AAF46083.2	AAF46083				NP_572262			Q9W475		FBpp0070798	
gbman.GBUE000618-PA.1	2649.34365189011	-5.08751961398986	0.881486585294717	-6.13263031826529	8.64378500245208e-10	1.16440427768032e-05	gbman.GBUE000618-PA.1.t1	FBgn0004778	gbgene4791.t1,gbgene11962.t1,gbgene11963.t1,gbgene11967.t1,gbgene18912.t1	Ccp84Af-PA	GBUE000618-PA		56086_0_000269		GO:0005615,GO:0008010,GO:0031012,GO:0032504,GO:0040003,GO:0062129	FBpp0081193	FBpp0081188	CG2341-PA	CG1331-PA	FBpp0081193	FBpp0081188	AAF54095.1	AAF54095	AAF54093.1	AAF54093		NP_649680	NP_649678		O97063	O97061	FBpp0081193	FBpp0081188
gbman.GBUE019609-PA.1	40556.92065887	-4.4468709725407	0.948860078030906	-6.07571694905206	1.23434971869179e-09	1.66279250604971e-05	gbman.GBUE019609-PA.1.t1	FBgn0250833	gbgene3941.t1,gbgene3941.t2,gbgene4699.t1,gbgene5075.t1,gbgene11355.t1,gbgene11357.t1,gbgene11360.t1,gbgene11360.t2,gbgene14852.t1,gbgene15501.t1,gbgene15687.t1	CG34461-PB	GBUE019609-PA	gbgene11360.t1,gbgene11360.t2	56086_0_004c98	gbgene11360.t1,gbgene11360.t2	GO:0008010,GO:0031012,GO:0040003,GO:0062129	FBpp0305270		CG34461-PB				AGB94271					NP_001261576			Q5U126			
gbman.GBUE006901-PA.1	1841.97066289151	-4.50103128926755	0.947432819903301	-6.0680539594654	1.29469410651459e-09	1.74408243088581e-05	gbman.GBUE006901-PA.1.t1	FBgn0036878	gbgene9382.t1,gbgene15499.t1,gbgene15500.t1,gbgene15502.t1,gbgene15503.t1,gbgene15504.t1,gbgene15505.t1,gbgene15506.t1,gbgene15509.t1,gbgene15509.t2	Cpr76Ba-PA	GBUE006901-PA		56086_0_001af4		GO:0008010,GO:0031012,GO:0040003,GO:0062129	FBpp0074745		CG9283-PA		FBpp0074745		AAF49153.1	AAF49153				NP_649120			Q9VW02		FBpp0074745	
gbgene10081	1741.99429308985	-3.75689178258166	0.620010200475171	-6.06362265795494	1.33089196330571e-09	1.79284456376913e-05	gbgene10081.t1				GBUE005136-PA		56086_0_00140f																				
gbgene9996	9559.77922395582	2.29236975706359	0.37989103065199	6.03428998349534	1.59663127252695e-09	2.15082198722105e-05	gbgene9996.t1	FBgn0012037	gbgene6261.t1,gbgene9996.t1,gbgene9998.t1,gbgene9999.t1	Ance-PC	GBUE007767-PA	gbgene9996.t1,gbgene9998.t1,gbgene9999.t1	56086_0_001e59		GO:0005615,GO:0005886,GO:0006508,GO:0007289,GO:0007291,GO:0007552,GO:0008237,GO:0008241,GO:0009609,GO:0016486,GO:0032504	FBpp0310259		CG8827-PC				AHN54429					NP_001285915		Q10714				
gbman.GBUE006900-PA.1	3268.92563648823	-3.85752023498667	0.967119078290914	-6.01149455831457	1.83820683563674e-09	2.47624842828625e-05	gbman.GBUE006900-PA.1.t1	FBgn0036878	gbgene9382.t1,gbgene15499.t1,gbgene15500.t1,gbgene15502.t1,gbgene15503.t1,gbgene15504.t1,gbgene15505.t1,gbgene15506.t1,gbgene15509.t1,gbgene15509.t2	Cpr76Ba-PA	GBUE006900-PA		56086_0_001af3		GO:0008010,GO:0031012,GO:0040003,GO:0062129	FBpp0074745		CG9283-PA		FBpp0074745		AAF49153.1	AAF49153				NP_649120			Q9VW02		FBpp0074745	
gbman.GBUE000889-PA.1	1035.21779837887	-4.32103766322577	0.95447629383018	-5.99653573943794	2.01571263800545e-09	2.71536649465715e-05	gbman.GBUE000889-PA.1.t1								GO:0008010,GO:0031012,GO:0040003,GO:0062129	FBpp0074702		CG9290-PA		FBpp0074702		AAF49152.1	AAF49152				NP_649121			Q9VW03		FBpp0074702	
gbman.GBUE011554-PA.1	60068.6689929883	-4.39486560178617	0.949908643247834	-5.98011893066206	2.22974762966876e-09	3.00369303192679e-05	gbman.GBUE011554-PA.1.t1								GO:0008010,GO:0031012,GO:0040003,GO:0062129	FBpp0304919		CG1919-PB				AGB93988					NP_001261293			Q9W077			
gbgene15166	96.3994564767054	-2.637593742861	0.441927924014126	-5.95468465411146	2.60573773322339e-09	3.51018930042523e-05	gbgene15166.t1				GBUE012983-PA		56086_0_0032b6																				
gbgene16792	396.932912514804	-4.85326435367067	0.929650371418475	-5.92848792170564	3.05736896937155e-09	4.11858173864041e-05	gbgene16792.t1				GBUE009348-PA	gbgene16792.t1,gbgene16793.t1	56086_0_002483	gbgene16792.t1,gbgene16793.t1																			
gbgene312	23652.3071327171	4.12791728435561	0.700754602837506	5.91032660252665	3.41430089648627e-09	4.59940473765665e-05	gbgene312.t1	FBgn0038180		Cht5-PA	GBUE004871-PA		56086_0_001306		GO:0004568,GO:0005576,GO:0005615,GO:0005975,GO:0006032,GO:0008061,GO:0018990,GO:0040003,GO:0042060	FBpp0082294		CG9307-PA		FBpp0082294		AAF54987.1	AAF54987				NP_650314			Q9VFR3		FBpp0082294	
gbman.GBUE001944-PA.1	34425.1396263173	-4.25593104598754	0.95466391587725	-5.90829564184473	3.45665266874169e-09	4.65645681006193e-05	gbman.GBUE001944-PA.1.t1	FBgn0250833	gbgene3941.t1,gbgene3941.t2,gbgene4699.t1,gbgene5075.t1,gbgene11355.t1,gbgene11357.t1,gbgene11360.t1,gbgene11360.t2,gbgene14852.t1,gbgene15501.t1,gbgene15687.t1	CG34461-PB	GBUE001944-PA		56086_0_000797		GO:0008010,GO:0031012,GO:0040003,GO:0062129	FBpp0305270		CG34461-PB				AGB94271					NP_001261576			Q5U126			
gbgene7690	10522.2661812233	-3.7993284853635	0.967883058245314	-5.85066705469967	4.89605429946265e-09	6.59547474680613e-05	gbgene7690.t1				GBUE008376-PA		56086_0_0020b7																				
gbman.GBUE014232-PA.1	15099.0274567587	-4.84301709779793	0.89709950674768	-5.81413788586807	6.09471628284107e-09	8.21019230461521e-05	gbman.GBUE014232-PA.1.t1	FBgn0033942		Cpr51A-PA	GBUE014232-PA		56086_0_001b66		GO:0005615,GO:0008010,GO:0031012,GO:0032504,GO:0040003,GO:0062129	FBpp0086643	FBpp0081192	CG10112-PA	CG1330-PA	FBpp0086643	FBpp0081192	AAF58238.1	AAF58238	AAF54094.1	AAF54094		NP_649679	NP_610968		Q7JZW0	O97062	FBpp0086643	FBpp0081192
gbman.GBUE007232-PA.1	1456.02712597547	-4.30884612999895	0.952409533148414	-5.81326415366274	6.12662676028849e-09	8.25317890878462e-05	gbman.GBUE007232-PA.1.t1	FBgn0038819	gbgene11480.t1,gbgene11481.t1,gbgene11482.t1,gbgene11488.t1,gbgene17286.t1	Cpr92F-PA	GBUE007232-PA		56086_0_001c3f		GO:0008010,GO:0031012,GO:0040003,GO:0062129	FBpp0083327		CG5494-PA		FBpp0083327		AAF55794.1	AAF55794				NP_650905			Q9VDJ8		FBpp0083327	
gbgene19926	2432.21566699557	-3.53204719837034	0.97326488242311	-5.80910332020451	6.28083213491535e-09	8.46090896894447e-05	gbgene19926.t1				GBUE019419-PA		56086_0_004bda																				
gbman.GBUE017917-PA.1	3310.22947728642	-4.22692641805339	0.954958528718343	-5.79260275130393	6.93038987891575e-09	9.3359282058874e-05	gbman.GBUE017917-PA.1.t1								GO:0005576,GO:0008010,GO:0008061,GO:0030023,GO:0031012,GO:0032992,GO:0040003,GO:0042302,GO:0062129	FBpp0086175		CG15920-PA		FBpp0086175		AAF57953.1	AAF57953				NP_611157		Q9V7U0			FBpp0086175	
gbgene16058	1106.57107154202	-4.62108420399604	0.811067675933439	-5.78024129913639	7.45935595182626e-09	0.000100484984027052	gbgene16058.t1	FBgn0039203	gbgene5097.t1,gbgene5548.t1,gbgene5548.t2,gbgene6952.t1,gbgene6953.t1,gbgene12908.t1,gbgene12909.t1,gbgene12910.t1,gbgene12911.t1,gbgene16058.t1	CG13618-PA	GBUE000064-PA	gbgene6952.t1,gbgene12858.t1,gbgene16058.t1,gbgene19262.t1	13249_0_002290		GO:0005615,GO:0032504	FBpp0084027		CG13618-PA		FBpp0084027		AAF56308.2	AAF56308				NP_651265			Q9VC67		FBpp0084027	
gbman.GBUE006394-PA.1	3022.42386496979	-4.43781381069841	0.944611918418172	-5.75149846141656	8.84558863044923e-09	0.000119158924440782	gbman.GBUE006394-PA.1.t1	FBgn0039480	gbgene6061.t1,gbgene10064.t1	Cpr97Ea-PA	GBUE006394-PA		56086_0_0018f9		GO:0008010,GO:0040003,GO:0062129	FBpp0084506	FBpp0084505	CG15884-PA	CG6131-PA	FBpp0084506	FBpp0084505	AAF56661.2	AAF56661	AAF56660.2	AAF56660.1	AAF56660	NP_651530	NP_651529		Q9VB82	Q9VB81	FBpp0084506	FBpp0084505
gbgene17382	6746.52729109594	-4.79709808843381	0.899727085603013	-5.7506594779931	8.88960037134803e-09	0.000119751806602429	gbgene17382.t1				GBUE008993-PA		56086_0_002320																				
gbman.GBUE008534-PA.1	19.4343519355816	-3.49221416992461	0.587960385303648	-5.73574086568711	9.70870067406081e-09	0.000130785906780273	gbman.GBUE008534-PA.1.t1	FBgn0033603	gbgene7150.t1,gbgene7151.t1,gbgene7152.t1,gbgene7153.t1,gbgene7155.t1,gbgene7166.t1	Cpr47Ef-PD	GBUE008534-PA		56086_0_002155		GO:0008010,GO:0040003,GO:0062129	FBpp0291859		CG13214-PD		FBpp0291859		ADV37152					NP_001188905			A0A0B4JCR2		FBpp0291859	
gbgene2781	99.2023873752127	4.1462286320434	0.724052334462805	5.68447839173369	1.31212510618663e-08	0.000176756373054401	gbgene2781.t1	FBgn0039200		CG13616-PA	GBUE005081-PA	gbgene2781.t1,gbgene3660.t1,gbgene14587.t1	286706_0_000448			FBpp0084002		CG13616-PA		FBpp0084002		AAF56300.1	AAF56300				NP_651262			Q9VC75		FBpp0084002	
gbgene7679	878.337557370352	-4.3002539331894	0.950637099249793	-5.62038386680886	1.90533633611525e-08	0.000256667857838085	gbgene7679.t1				GBUE008386-PA		56086_0_0020c1																				
gbgene14859	20037.956568542	-4.20341102594865	0.953477025863716	-5.61451060989187	1.97119334711106e-08	0.000265539455789331	gbgene14859.t1	FBgn0037429		Osi19-PB	GBUE016607-PA	gbgene14859.t1,gbgene14862.t1	56086_0_0040de		GO:0003674,GO:0005887,GO:0008150	FBpp0290708		CG15189-PB		FBpp0290708		ACZ94827					NP_001163529			Q6AWK7		FBpp0290708	
gbman.GBUE020645-PA.1	365.525237299786	-4.76406371089197	0.893023366769202	-5.6078394487977	2.04867934423873e-08	0.000275977594462399	gbman.GBUE020645-PA.1.t1								GO:0008010,GO:0040003,GO:0062129	FBpp0112271		CG30045-PB		FBpp0112271		ABV53776					NP_001097285			A8DRW0		FBpp0112271	
gbgene2001	6807.41343616115	-4.46949416184523	0.938074178022905	-5.60697913969002	2.05888464539787e-08	0.000277352350581548	gbgene2001.t1	FBgn0004034		y-PA	GBUE019152-PA		56086_0_004acf		GO:0004167,GO:0005576,GO:0005737,GO:0006583,GO:0042438,GO:0048065,GO:0048066,GO:0048067,GO:0048082,GO:0060179,GO:0070451	FBpp0070070		CG3757-PA		FBpp0070070		AAF45497.1	AAF45497				NP_476792		P09957			FBpp0070070	
gbgene7675	33629.4313044846	-3.87911108296077	0.964799556380741	-5.60253701469491	2.11236908211487e-08	0.000284557239051694	gbgene7675.t1				GBUE008390-PA		56086_0_0020c5																				
gbgene7682	695.775315688895	-3.50476718976373	0.973790566709387	-5.58214322752435	2.37572600943693e-08	0.000320034050731248	gbgene7682.t1				GBUE008373-PA	gbgene7682.t1,gbgene7693.t1,gbgene7693.t2	56086_0_0020b4	gbgene7682.t1,gbgene7693.t1,gbgene7693.t2																			
gbgene15700	1434.59507892738	-4.6116726663036	0.862935829433409	-5.52428012537935	3.30839258721291e-08	0.000445673565423451	gbgene15700.t1	FBgn0039476	gbgene15698.t1,gbgene15700.t1,gbgene15701.t1,gbgene17118.t1	CG6271-PA	GBUE011320-PA	gbgene15700.t1,gbgene15701.t1	56086_0_002c37	gbgene15700.t1,gbgene15701.t1	GO:0005615,GO:0016042,GO:0016298	FBpp0084519		CG6271-PA		FBpp0084519		AAF56654.1	AAF56654				NP_651526			Q9VB88		FBpp0084519	
gbgene5758	2831.65878608821	-4.06511710235493	0.958167370694902	-5.50457700419225	3.70055689438664e-08	0.000498502019242824	gbgene5758.t1	FBgn0032538	gbgene4712.t1,gbgene5757.t1,gbgene5758.t1,gbgene8521.t1,gbgene9359.t1,gbgene9512.t1,gbgene14565.t1	Vajk2-PA	GBUE020400-PA	gbgene5757.t1,gbgene5758.t1,gbgene5759.t1	56086_0_0023e2	gbgene5757.t1,gbgene5758.t1	GO:0005214,GO:0008061,GO:0040003,GO:0062129	FBpp0080135		CG16885-PA		FBpp0080135		AAF53358.2	AAF53358				NP_609689			Q8SZM2		FBpp0080135	
gbgene9598	445.448233551348	2.40688435583548	0.438891040363097	5.48262312773908	4.19065137244564e-08	0.000564522646382152	gbgene9598.t1				GBUE012958-PA		56086_0_00329d																				
gbgene13820	3880.51289863712	-4.39920485525279	0.939019318672076	-5.48129335988463	4.22227684280072e-08	0.000568782913493685	gbgene13820.t1				GBUE015466-PA		56086_0_003c69																				
gbgene7691	1257.20797036111	-3.07793157016385	0.97848350368239	-5.46788061717284	4.55448455110227e-08	0.000613534613878987	gbgene7691.t1				GBUE008375-PA		56086_0_0020b6																				
gbman.GBUE008953-PA.1	11141.7733090326	-4.29827613692569	0.945453467541684	-5.46004921723462	4.76002608084222e-08	0.000641223113350256	gbman.GBUE008953-PA.1.t1	FBgn0036881		Cpr76Bd-PD	GBUE008953-PA		56086_0_0022f8		GO:0008010,GO:0031012,GO:0040003,GO:0062129	FBpp0304995	FBpp0304994	CG9299-PD	CG9299-PC			AGB94746	AGB94745				NP_001262053	NP_001262052		Q9VW05	M9PFX4		
gbgene15836	1020.61671553813	-4.45649884161728	0.933670137085112	-5.44566674705405	5.16116871528066e-08	0.000695261037635458	gbgene15836.t1				GBUE010412-PA		56086_0_0028ab																				
gbgene15836	1020.61671553813	-4.45649884161728	0.933670137085112	-5.44566674705405	5.16116871528066e-08	0.000695261037635458	gbgene15836.t2				GBUE010414-PA		56086_0_0028ad																				
gbgene15698	2101.07291212957	-4.43772375601463	0.830977378544387	-5.44379330554772	5.2157738634927e-08	0.000702616897151102	gbgene15698.t1	FBgn0039476	gbgene15698.t1,gbgene15700.t1,gbgene15701.t1,gbgene17118.t1	CG6271-PA	GBUE011318-PA		56086_0_002c35		GO:0005615,GO:0016042,GO:0016298	FBpp0084519		CG6271-PA		FBpp0084519		AAF56654.1	AAF56654				NP_651526			Q9VB88		FBpp0084519	
gbman.GBUE017918-PA.1	6942.05239528944	-4.4780216772742	0.925078825598974	-5.40413657455469	6.51213132169403e-08	0.000877249210345403	gbman.GBUE017918-PA.1.t1	FBgn0034157	gbgene13457.t1,gbgene13458.t1,gbgene13460.t1	resilin-PA	GBUE017918-PA		56086_0_0045fd		GO:0005576,GO:0008010,GO:0008061,GO:0030023,GO:0031012,GO:0032992,GO:0040003,GO:0042302,GO:0062129	FBpp0086175		CG15920-PA		FBpp0086175		AAF57953.1	AAF57953				NP_611157		Q9V7U0			FBpp0086175	
gbgene14860	21008.7408248859	-3.74228592482025	0.967503102700073	-5.39884473330195	6.70713879321934e-08	0.000903518666834577	gbgene14860.t1	FBgn0037430	gbgene14860.t1,gbgene14860.t2	Osi20-PA	GBUE016608-PA	gbgene14860.t1,gbgene14860.t2	56086_0_0040df	gbgene14860.t1,gbgene14860.t2	GO:0003674,GO:0005887,GO:0008150	FBpp0081205		CG15188-PA		FBpp0081205		AAF54138.1	AAF54138				NP_649641			Q9VI07		FBpp0081205	
gbgene14860	21008.7408248859	-3.74228592482025	0.967503102700073	-5.39884473330195	6.70713879321934e-08	0.000903518666834577	gbgene14860.t2	FBgn0037430	gbgene14860.t1,gbgene14860.t2	Osi20-PA	GBUE016608-PA	gbgene14860.t1,gbgene14860.t2	56086_0_0040df	gbgene14860.t1,gbgene14860.t2	GO:0003674,GO:0005887,GO:0008150	FBpp0081205		CG15188-PA		FBpp0081205		AAF54138.1	AAF54138				NP_649641			Q9VI07		FBpp0081205	
gbgene5882	205.652417664118	4.33676076378426	0.81454189823711	5.3595846326819	8.34135108890927e-08	0.00112366340518697	gbgene5882.t1						79782_0_000e48																				
gbman.GBUE005903-PA.1	436.193451510645	-3.83434564439182	0.96574902048224	-5.31829752656332	1.04742691551676e-07	0.00141098879789263	gbman.GBUE005903-PA.1.t1	FBgn0032125		Cpr30B-PA	GBUE005903-PA		56086_0_00170e		GO:0008010,GO:0031012,GO:0040003,GO:0062129	FBpp0079429	FBpp0074745	CG9283-PA	CG3818-PA	FBpp0079429	FBpp0074745	AAF52783.2	AAF52783	AAF49153.1	AAF49153		NP_649120	NP_609295		Q9VW02	Q9VLB1	FBpp0079429	FBpp0074745
gbgene5396	16.1168404606063	2.60617609987727	0.483108456569678	5.31045227113598	1.09353520840313e-07	0.00147310127923986	gbgene5396.t1																										
gbgene5691	1008.41980905326	-4.2700499419827	0.942836736772054	-5.2826354303621	1.27338635951787e-07	0.00171537876490652	gbgene5691.t1	FBgn0005633		fln-PB	GBUE009536-PA		56086_0_00253f		GO:0005863,GO:0007527,GO:0008307,GO:0014703,GO:0030241,GO:0031672,GO:0045214,GO:0071688,GO:0097493	FBpp0304969		CG7445-PB				AGB94777					NP_001262084		P35554				
gbgene7680	1173.84931605055	-3.73205967837719	0.967026242722887	-5.20992245691447	1.88919572780184e-07	0.00254493556492186	gbgene7680.t1				GBUE008385-PA		56086_0_0020c0																				
gbgene2760	25.1521775245114	-4.74853384985245	0.922268881706783	-5.15649701134558	2.51612497249163e-07	0.00338947195044347	gbgene2760.t1				GBUE012585-PA	gbgene2760.t1,gbgene2761.t1	56086_0_003128	gbgene2760.t1,gbgene2761.t1																			
gbgene6727	1449.37972193598	-4.04308867290547	0.953279044761883	-5.13588517962872	2.80819080275785e-07	0.0037829138303951	gbgene6727.t1	FBgn0032289	gbgene2610.t1,gbgene6727.t1	CG6431-PB	GBUE011923-PA		56086_0_002e92		GO:0005615,GO:0016042,GO:0016298	FBpp0271827		CG6431-PB		FBpp0271827		AAF52997					NP_609442			Q9VKR3		FBpp0271827	
gbman.GBUE000838-PA.1	915.015252864865	-4.05994142287135	0.952055645720928	-5.11431860649287	3.14875504312854e-07	0.00424168791859846	gbman.GBUE000838-PA.1.t1	FBgn0031957	gbgene2050.t1,gbgene2051.t1,gbgene2052.t1,gbgene2067.t1,gbgene13069.t1,gbgene15858.t1,gbgene15859.t1,gbgene16033.t1	TwdlE-PA	GBUE000838-PA	gbgene2067.t1,gbgene20223.t1	56086_0_000345	gbgene2067.t1,gbgene20223.t1	GO:0005214,GO:0031012,GO:0040003	FBpp0079185		CG14534-PA		FBpp0079185		AAF52571.2	AAF52571				NP_609157			Q8SZP2		FBpp0079185	
gbgene9480	1457.18167630604	-4.02841358883411	0.95357279731124	-5.11271077333231	3.17568335380352e-07	0.00427796304590872	gbgene9480.t1						108931_0_001ea4																				
gbgene4712	785.942065687507	-4.14159474943744	0.945489237789773	-5.08278760171213	3.71935532155993e-07	0.00501034355367338	gbgene4712.t1	FBgn0032538	gbgene4712.t1,gbgene5757.t1,gbgene5758.t1,gbgene8521.t1,gbgene9359.t1,gbgene9512.t1,gbgene14565.t1	Vajk2-PA	GBUE017032-PA		56086_0_004287		GO:0005214,GO:0008061,GO:0040003,GO:0062129	FBpp0080135		CG16885-PA		FBpp0080135		AAF53358.2	AAF53358				NP_609689			Q8SZM2		FBpp0080135	
gbgene2840	440.975242735816	-4.33846069273315	0.91276435273596	-5.07561761447961	3.86239352095051e-07	0.00520303031207244	gbgene2840.t1	FBgn0041711	gbgene2840.t1,gbgene2841.t1	yellow-e-PA	GBUE014111-PA	gbgene2840.t1,gbgene2841.t1	56086_0_00371e		GO:0005576	FBpp0082225		CG9792-PA		FBpp0082225		AAF54948.1	AAF54948				NP_524344			Q9VFV1		FBpp0082225	
gbgene4691	290.74659102842	-4.13840085959341	0.948330438931751	-5.05552046577127	4.29218594493684e-07	0.00578200368642442	gbgene4691.t1				GBUE010265-PA	gbgene4688.t1,gbgene4689.t1,gbgene4689.t2,gbgene4691.t1	56086_0_002818	gbgene4688.t1,gbgene4689.t1,gbgene4689.t2,gbgene4691.t1																			
gbman.GBUE001961-PA.1	5616.34911509673	-4.05064972901322	0.94995997492348	-5.05514494784922	4.30064012477028e-07	0.00579339231207804	gbman.GBUE001961-PA.1.t1	FBgn0035788	gbgene4708.t1,gbgene4711.t1	CG8541-PA	GBUE001961-PA		56086_0_0007a8			FBpp0076572		CG8541-PA		FBpp0076572		AAF50552.1	AAF50552				NP_648127			Q9VS76		FBpp0076572	
gbman.GBUE000613-PA.1	11612.3814614302	-4.24012444622674	0.924462188249212	-5.02401756791449	5.06016053921167e-07	0.00681654226237204	gbman.GBUE000613-PA.1.t1	FBgn0004778	gbgene4791.t1,gbgene11962.t1,gbgene11963.t1,gbgene11967.t1,gbgene18912.t1	Ccp84Af-PA	GBUE000613-PA		56086_0_000264		GO:0008010,GO:0031012,GO:0040003,GO:0062129	FBpp0081193		CG1331-PA		FBpp0081193		AAF54095.1	AAF54095				NP_649678			O97063		FBpp0081193	
gbgene11592	1301.30391571589	2.32042309163521	0.462493286608952	5.01698258903659	5.24893224543301e-07	0.0070708366278228	gbgene11592.t1	FBgn0265011		Np-PB	GBUE009826-PA		7029_0_002c3e		GO:0004252,GO:0005615,GO:0006508,GO:0008236,GO:0016324,GO:0017171,GO:0035002	FBpp0300317		CG34350-PB				AFH07968					NP_001246213			A1Z7M3			
gbgene14914	36.3481070818882	2.97653895221461	0.590945529286848	4.99788164664735	5.79635409312971e-07	0.00780826859885504	gbgene14914.t1	FBgn0030589		CG9519-PA	GBUE014098-PA	gbgene14912.t1,gbgene14914.t1	56086_0_003711	gbgene14912.t1,gbgene14914.t1	GO:0016491,GO:0016614,GO:0045455,GO:0050660	FBpp0073801		CG9519-PA		FBpp0073801		AAF48397.2	AAF48397				NP_572978			Q9VY09		FBpp0073801	
gbgene6556	276.704688600132	-3.99124773622068	0.806298033937006	-4.98640752957921	6.15123261304436e-07	0.00828632545303206	gbgene6556.t1	FBgn0013812	gbgene6556.t1,gbgene6556.t2,gbgene7853.t1,gbgene19718.t1	Dhc93AB-PB	GBUE008127-PA	gbgene6556.t1,gbgene6556.t2,gbgene8113.t1	56086_0_004bba	gbgene6556.t1,gbgene6556.t2	GO:0003341,GO:0005524,GO:0005930,GO:0007018,GO:0007605,GO:0008569,GO:0030286,GO:0031514,GO:0036157,GO:0045505,GO:0051959	FBpp0271744		CG3723-PB		FBpp0271744		AAF55834					NP_524424			Q9VDG0		FBpp0271744	
gbgene6556	276.704688600132	-3.99124773622068	0.806298033937006	-4.98640752957921	6.15123261304436e-07	0.00828632545303206	gbgene6556.t2	FBgn0013812	gbgene6556.t1,gbgene6556.t2,gbgene7853.t1,gbgene19718.t1	Dhc93AB-PB	GBUE008127-PA	gbgene6556.t1,gbgene6556.t2,gbgene8113.t1	56086_0_004bba	gbgene6556.t1,gbgene6556.t2	GO:0003341,GO:0005524,GO:0005930,GO:0007018,GO:0007605,GO:0008569,GO:0030286,GO:0031514,GO:0036157,GO:0045505,GO:0051959	FBpp0271744		CG3723-PB		FBpp0271744		AAF55834					NP_524424			Q9VDG0		FBpp0271744	
gbgene883	135.764437148795	3.09428117848639	0.619886170429192	4.9815493950296	6.30771784056506e-07	0.00849712670302519	gbgene883.t1	FBgn0086687	gbgene883.t1,gbgene1586.t1,gbgene1587.t1,gbgene1587.t2,gbgene1588.t1,gbgene1589.t1	Desat1-PD	GBUE014705-PA		56086_0_003970		GO:0004768,GO:0005506,GO:0005515,GO:0005783,GO:0005789,GO:0006636,GO:0006723,GO:0009744,GO:0010506,GO:0016021,GO:0019216,GO:0031410,GO:0040018,GO:0042593,GO:0042594,GO:0042811,GO:0045572,GO:0045793,GO:0048047,GO:0060179,GO:0070328	FBpp0082099		CG5887-PD				AAF54822.1	AAF54822				NP_731711			Q7K4Y0			
gbgene10127	71.0677079923662	-3.76706560671461	0.75599509525362	-4.95441088320875	7.25497571021364e-07	0.00977317777922879	gbgene10127.t1						286706_0_001ed8																				
