Genes	GO.ID_MF	Term_MF	Annotated_MF	Significant_MF	Expected_MF	Rank in classicFisher_MF	classicFisher_MF	elimFisher_MF	weight01Fisher_MF	parentchildFisher_MF	weightFisher_MF	leaFisher_MF
gbgene10046	GO:0003713	transcription coactivator activity	120	2	0.63	34	0.12940	0.12940	0.12940	0.2532	0.12940	0.12940
gbgene10795	GO:0003713	transcription coactivator activity	120	2	0.63	34	0.12940	0.12940	0.12940	0.2532	0.12940	0.12940
gbgene11618	GO:0003713	transcription coactivator activity	120	2	0.63	34	0.12940	0.12940	0.12940	0.2532	0.12940	0.12940
gbgene11619	GO:0003713	transcription coactivator activity	120	2	0.63	34	0.12940	0.12940	0.12940	0.2532	0.12940	0.12940
gbgene11950	GO:0003713	transcription coactivator activity	120	2	0.63	34	0.12940	0.12940	0.12940	0.2532	0.12940	0.12940
gbgene12125	GO:0003713	transcription coactivator activity	120	2	0.63	34	0.12940	0.12940	0.12940	0.2532	0.12940	0.12940
gbgene12203	GO:0003713	transcription coactivator activity	120	2	0.63	34	0.12940	0.12940	0.12940	0.2532	0.12940	0.12940
gbgene12311	GO:0003713	transcription coactivator activity	120	2	0.63	34	0.12940	0.12940	0.12940	0.2532	0.12940	0.12940
gbgene12334	GO:0003713	transcription coactivator activity	120	2	0.63	34	0.12940	0.12940	0.12940	0.2532	0.12940	0.12940
gbgene12507	GO:0003713	transcription coactivator activity	120	2	0.63	34	0.12940	0.12940	0.12940	0.2532	0.12940	0.12940
gbgene12665	GO:0003713	transcription coactivator activity	120	2	0.63	34	0.12940	0.12940	0.12940	0.2532	0.12940	0.12940
gbgene12666	GO:0003713	transcription coactivator activity	120	2	0.63	34	0.12940	0.12940	0.12940	0.2532	0.12940	0.12940
gbgene12995	GO:0003713	transcription coactivator activity	120	2	0.63	34	0.12940	0.12940	0.12940	0.2532	0.12940	0.12940
gbgene13298	GO:0003713	transcription coactivator activity	120	2	0.63	34	0.12940	0.12940	0.12940	0.2532	0.12940	0.12940
gbgene13497	GO:0003713	transcription coactivator activity	120	2	0.63	34	0.12940	0.12940	0.12940	0.2532	0.12940	0.12940
gbgene13539	GO:0003713	transcription coactivator activity	120	2	0.63	34	0.12940	0.12940	0.12940	0.2532	0.12940	0.12940
gbgene13578	GO:0003713	transcription coactivator activity	120	2	0.63	34	0.12940	0.12940	0.12940	0.2532	0.12940	0.12940
gbgene13644	GO:0003713	transcription coactivator activity	120	2	0.63	34	0.12940	0.12940	0.12940	0.2532	0.12940	0.12940
gbgene13913	GO:0003713	transcription coactivator activity	120	2	0.63	34	0.12940	0.12940	0.12940	0.2532	0.12940	0.12940
gbgene14024	GO:0003713	transcription coactivator activity	120	2	0.63	34	0.12940	0.12940	0.12940	0.2532	0.12940	0.12940
gbgene1403	GO:0003713	transcription coactivator activity	120	2	0.63	34	0.12940	0.12940	0.12940	0.2532	0.12940	0.12940
gbgene14863	GO:0003713	transcription coactivator activity	120	2	0.63	34	0.12940	0.12940	0.12940	0.2532	0.12940	0.12940
gbgene14924	GO:0003713	transcription coactivator activity	120	2	0.63	34	0.12940	0.12940	0.12940	0.2532	0.12940	0.12940
gbgene15013	GO:0003713	transcription coactivator activity	120	2	0.63	34	0.12940	0.12940	0.12940	0.2532	0.12940	0.12940
gbgene15014	GO:0003713	transcription coactivator activity	120	2	0.63	34	0.12940	0.12940	0.12940	0.2532	0.12940	0.12940
gbgene15204	GO:0003713	transcription coactivator activity	120	2	0.63	34	0.12940	0.12940	0.12940	0.2532	0.12940	0.12940
gbgene15398	GO:0003713	transcription coactivator activity	120	2	0.63	34	0.12940	0.12940	0.12940	0.2532	0.12940	0.12940
gbgene15429	GO:0003713	transcription coactivator activity	120	2	0.63	34	0.12940	0.12940	0.12940	0.2532	0.12940	0.12940
gbgene15449	GO:0003713	transcription coactivator activity	120	2	0.63	34	0.12940	0.12940	0.12940	0.2532	0.12940	0.12940
gbgene15728	GO:0003713	transcription coactivator activity	120	2	0.63	34	0.12940	0.12940	0.12940	0.2532	0.12940	0.12940
gbgene15776	GO:0003713	transcription coactivator activity	120	2	0.63	34	0.12940	0.12940	0.12940	0.2532	0.12940	0.12940
gbgene15826	GO:0003713	transcription coactivator activity	120	2	0.63	34	0.12940	0.12940	0.12940	0.2532	0.12940	0.12940
gbgene16119	GO:0003713	transcription coactivator activity	120	2	0.63	34	0.12940	0.12940	0.12940	0.2532	0.12940	0.12940
gbgene16165	GO:0003713	transcription coactivator activity	120	2	0.63	34	0.12940	0.12940	0.12940	0.2532	0.12940	0.12940
gbgene16408	GO:0003713	transcription coactivator activity	120	2	0.63	34	0.12940	0.12940	0.12940	0.2532	0.12940	0.12940
gbgene16796	GO:0003713	transcription coactivator activity	120	2	0.63	34	0.12940	0.12940	0.12940	0.2532	0.12940	0.12940
gbgene16798	GO:0003713	transcription coactivator activity	120	2	0.63	34	0.12940	0.12940	0.12940	0.2532	0.12940	0.12940
gbgene16840	GO:0003713	transcription coactivator activity	120	2	0.63	34	0.12940	0.12940	0.12940	0.2532	0.12940	0.12940
gbgene1702	GO:0003713	transcription coactivator activity	120	2	0.63	34	0.12940	0.12940	0.12940	0.2532	0.12940	0.12940
gbgene17586	GO:0003713	transcription coactivator activity	120	2	0.63	34	0.12940	0.12940	0.12940	0.2532	0.12940	0.12940
gbgene17839	GO:0003713	transcription coactivator activity	120	2	0.63	34	0.12940	0.12940	0.12940	0.2532	0.12940	0.12940
gbgene17959	GO:0003713	transcription coactivator activity	120	2	0.63	34	0.12940	0.12940	0.12940	0.2532	0.12940	0.12940
gbgene18197	GO:0003713	transcription coactivator activity	120	2	0.63	34	0.12940	0.12940	0.12940	0.2532	0.12940	0.12940
gbgene18394	GO:0003713	transcription coactivator activity	120	2	0.63	34	0.12940	0.12940	0.12940	0.2532	0.12940	0.12940
gbgene18493	GO:0003713	transcription coactivator activity	120	2	0.63	34	0.12940	0.12940	0.12940	0.2532	0.12940	0.12940
gbgene18502	GO:0003713	transcription coactivator activity	120	2	0.63	34	0.12940	0.12940	0.12940	0.2532	0.12940	0.12940
gbgene18513	GO:0003713	transcription coactivator activity	120	2	0.63	34	0.12940	0.12940	0.12940	0.2532	0.12940	0.12940
gbgene18517	GO:0003713	transcription coactivator activity	120	2	0.63	34	0.12940	0.12940	0.12940	0.2532	0.12940	0.12940
gbgene19209	GO:0003713	transcription coactivator activity	120	2	0.63	34	0.12940	0.12940	0.12940	0.2532	0.12940	0.12940
gbgene19349	GO:0003713	transcription coactivator activity	120	2	0.63	34	0.12940	0.12940	0.12940	0.2532	0.12940	0.12940
gbgene1972	GO:0003713	transcription coactivator activity	120	2	0.63	34	0.12940	0.12940	0.12940	0.2532	0.12940	0.12940
gbgene19917	GO:0003713	transcription coactivator activity	120	2	0.63	34	0.12940	0.12940	0.12940	0.2532	0.12940	0.12940
gbgene2287	GO:0003713	transcription coactivator activity	120	2	0.63	34	0.12940	0.12940	0.12940	0.2532	0.12940	0.12940
gbgene2323	GO:0003713	transcription coactivator activity	120	2	0.63	34	0.12940	0.12940	0.12940	0.2532	0.12940	0.12940
gbgene2385	GO:0003713	transcription coactivator activity	120	2	0.63	34	0.12940	0.12940	0.12940	0.2532	0.12940	0.12940
gbgene2388	GO:0003713	transcription coactivator activity	120	2	0.63	34	0.12940	0.12940	0.12940	0.2532	0.12940	0.12940
gbgene242	GO:0003713	transcription coactivator activity	120	2	0.63	34	0.12940	0.12940	0.12940	0.2532	0.12940	0.12940
gbgene2535	GO:0003713	transcription coactivator activity	120	2	0.63	34	0.12940	0.12940	0.12940	0.2532	0.12940	0.12940
gbgene2744	GO:0003713	transcription coactivator activity	120	2	0.63	34	0.12940	0.12940	0.12940	0.2532	0.12940	0.12940
gbgene2745	GO:0003713	transcription coactivator activity	120	2	0.63	34	0.12940	0.12940	0.12940	0.2532	0.12940	0.12940
gbgene2955	GO:0003713	transcription coactivator activity	120	2	0.63	34	0.12940	0.12940	0.12940	0.2532	0.12940	0.12940
gbgene3290	GO:0003713	transcription coactivator activity	120	2	0.63	34	0.12940	0.12940	0.12940	0.2532	0.12940	0.12940
gbgene3343	GO:0003713	transcription coactivator activity	120	2	0.63	34	0.12940	0.12940	0.12940	0.2532	0.12940	0.12940
gbgene3387	GO:0003713	transcription coactivator activity	120	2	0.63	34	0.12940	0.12940	0.12940	0.2532	0.12940	0.12940
gbgene349	GO:0003713	transcription coactivator activity	120	2	0.63	34	0.12940	0.12940	0.12940	0.2532	0.12940	0.12940
gbgene362	GO:0003713	transcription coactivator activity	120	2	0.63	34	0.12940	0.12940	0.12940	0.2532	0.12940	0.12940
gbgene3647	GO:0003713	transcription coactivator activity	120	2	0.63	34	0.12940	0.12940	0.12940	0.2532	0.12940	0.12940
gbgene3856	GO:0003713	transcription coactivator activity	120	2	0.63	34	0.12940	0.12940	0.12940	0.2532	0.12940	0.12940
gbgene3904	GO:0003713	transcription coactivator activity	120	2	0.63	34	0.12940	0.12940	0.12940	0.2532	0.12940	0.12940
gbgene4344	GO:0003713	transcription coactivator activity	120	2	0.63	34	0.12940	0.12940	0.12940	0.2532	0.12940	0.12940
gbgene4397	GO:0003713	transcription coactivator activity	120	2	0.63	34	0.12940	0.12940	0.12940	0.2532	0.12940	0.12940
gbgene4486	GO:0003713	transcription coactivator activity	120	2	0.63	34	0.12940	0.12940	0.12940	0.2532	0.12940	0.12940
gbgene4664	GO:0003713	transcription coactivator activity	120	2	0.63	34	0.12940	0.12940	0.12940	0.2532	0.12940	0.12940
gbgene4678	GO:0003713	transcription coactivator activity	120	2	0.63	34	0.12940	0.12940	0.12940	0.2532	0.12940	0.12940
gbgene4712	GO:0003713	transcription coactivator activity	120	2	0.63	34	0.12940	0.12940	0.12940	0.2532	0.12940	0.12940
gbgene4742	GO:0003713	transcription coactivator activity	120	2	0.63	34	0.12940	0.12940	0.12940	0.2532	0.12940	0.12940
gbgene502	GO:0003713	transcription coactivator activity	120	2	0.63	34	0.12940	0.12940	0.12940	0.2532	0.12940	0.12940
gbgene511	GO:0003713	transcription coactivator activity	120	2	0.63	34	0.12940	0.12940	0.12940	0.2532	0.12940	0.12940
gbgene514	GO:0003713	transcription coactivator activity	120	2	0.63	34	0.12940	0.12940	0.12940	0.2532	0.12940	0.12940
gbgene5280	GO:0003713	transcription coactivator activity	120	2	0.63	34	0.12940	0.12940	0.12940	0.2532	0.12940	0.12940
gbgene5294	GO:0003713	transcription coactivator activity	120	2	0.63	34	0.12940	0.12940	0.12940	0.2532	0.12940	0.12940
gbgene5295	GO:0003713	transcription coactivator activity	120	2	0.63	34	0.12940	0.12940	0.12940	0.2532	0.12940	0.12940
gbgene570	GO:0003713	transcription coactivator activity	120	2	0.63	34	0.12940	0.12940	0.12940	0.2532	0.12940	0.12940
gbgene6118	GO:0003713	transcription coactivator activity	120	2	0.63	34	0.12940	0.12940	0.12940	0.2532	0.12940	0.12940
gbgene6119	GO:0003713	transcription coactivator activity	120	2	0.63	34	0.12940	0.12940	0.12940	0.2532	0.12940	0.12940
gbgene6176	GO:0003713	transcription coactivator activity	120	2	0.63	34	0.12940	0.12940	0.12940	0.2532	0.12940	0.12940
gbgene6178	GO:0003713	transcription coactivator activity	120	2	0.63	34	0.12940	0.12940	0.12940	0.2532	0.12940	0.12940
gbgene6337	GO:0003713	transcription coactivator activity	120	2	0.63	34	0.12940	0.12940	0.12940	0.2532	0.12940	0.12940
gbgene6588	GO:0003713	transcription coactivator activity	120	2	0.63	34	0.12940	0.12940	0.12940	0.2532	0.12940	0.12940
gbgene6589	GO:0003713	transcription coactivator activity	120	2	0.63	34	0.12940	0.12940	0.12940	0.2532	0.12940	0.12940
gbgene6592	GO:0003713	transcription coactivator activity	120	2	0.63	34	0.12940	0.12940	0.12940	0.2532	0.12940	0.12940
gbgene6675	GO:0003713	transcription coactivator activity	120	2	0.63	34	0.12940	0.12940	0.12940	0.2532	0.12940	0.12940
gbgene6690	GO:0003713	transcription coactivator activity	120	2	0.63	34	0.12940	0.12940	0.12940	0.2532	0.12940	0.12940
gbgene6823	GO:0003713	transcription coactivator activity	120	2	0.63	34	0.12940	0.12940	0.12940	0.2532	0.12940	0.12940
gbgene6851	GO:0003713	transcription coactivator activity	120	2	0.63	34	0.12940	0.12940	0.12940	0.2532	0.12940	0.12940
gbgene6852	GO:0003713	transcription coactivator activity	120	2	0.63	34	0.12940	0.12940	0.12940	0.2532	0.12940	0.12940
gbgene6903	GO:0003713	transcription coactivator activity	120	2	0.63	34	0.12940	0.12940	0.12940	0.2532	0.12940	0.12940
gbgene721	GO:0003713	transcription coactivator activity	120	2	0.63	34	0.12940	0.12940	0.12940	0.2532	0.12940	0.12940
gbgene7381	GO:0003713	transcription coactivator activity	120	2	0.63	34	0.12940	0.12940	0.12940	0.2532	0.12940	0.12940
gbgene7487	GO:0003713	transcription coactivator activity	120	2	0.63	34	0.12940	0.12940	0.12940	0.2532	0.12940	0.12940
gbgene756	GO:0003713	transcription coactivator activity	120	2	0.63	34	0.12940	0.12940	0.12940	0.2532	0.12940	0.12940
gbgene7615	GO:0003713	transcription coactivator activity	120	2	0.63	34	0.12940	0.12940	0.12940	0.2532	0.12940	0.12940
gbgene7616	GO:0003713	transcription coactivator activity	120	2	0.63	34	0.12940	0.12940	0.12940	0.2532	0.12940	0.12940
gbgene793	GO:0003713	transcription coactivator activity	120	2	0.63	34	0.12940	0.12940	0.12940	0.2532	0.12940	0.12940
gbgene795	GO:0003713	transcription coactivator activity	120	2	0.63	34	0.12940	0.12940	0.12940	0.2532	0.12940	0.12940
gbgene8234	GO:0003713	transcription coactivator activity	120	2	0.63	34	0.12940	0.12940	0.12940	0.2532	0.12940	0.12940
gbgene8521	GO:0003713	transcription coactivator activity	120	2	0.63	34	0.12940	0.12940	0.12940	0.2532	0.12940	0.12940
gbgene8548	GO:0003713	transcription coactivator activity	120	2	0.63	34	0.12940	0.12940	0.12940	0.2532	0.12940	0.12940
gbgene8556	GO:0003713	transcription coactivator activity	120	2	0.63	34	0.12940	0.12940	0.12940	0.2532	0.12940	0.12940
gbgene8606	GO:0003713	transcription coactivator activity	120	2	0.63	34	0.12940	0.12940	0.12940	0.2532	0.12940	0.12940
gbgene8762	GO:0003713	transcription coactivator activity	120	2	0.63	34	0.12940	0.12940	0.12940	0.2532	0.12940	0.12940
gbgene8763	GO:0003713	transcription coactivator activity	120	2	0.63	34	0.12940	0.12940	0.12940	0.2532	0.12940	0.12940
gbgene8865	GO:0003713	transcription coactivator activity	120	2	0.63	34	0.12940	0.12940	0.12940	0.2532	0.12940	0.12940
gbgene8965	GO:0003713	transcription coactivator activity	120	2	0.63	34	0.12940	0.12940	0.12940	0.2532	0.12940	0.12940
gbgene9289	GO:0003713	transcription coactivator activity	120	2	0.63	34	0.12940	0.12940	0.12940	0.2532	0.12940	0.12940
gbgene9338	GO:0003713	transcription coactivator activity	120	2	0.63	34	0.12940	0.12940	0.12940	0.2532	0.12940	0.12940
gbgene9456	GO:0003713	transcription coactivator activity	120	2	0.63	34	0.12940	0.12940	0.12940	0.2532	0.12940	0.12940
gbgene9462	GO:0003713	transcription coactivator activity	120	2	0.63	34	0.12940	0.12940	0.12940	0.2532	0.12940	0.12940
gbgene9746	GO:0003713	transcription coactivator activity	120	2	0.63	34	0.12940	0.12940	0.12940	0.2532	0.12940	0.12940
gbgene9892	GO:0003713	transcription coactivator activity	120	2	0.63	34	0.12940	0.12940	0.12940	0.2532	0.12940	0.12940
gbgene11552	GO:0004402	histone acetyltransferase activity	24	2	0.13	8	0.00684	0.00684	0.00684	0.9200	0.00684	0.00684
gbgene13298	GO:0004402	histone acetyltransferase activity	24	2	0.13	8	0.00684	0.00684	0.00684	0.9200	0.00684	0.00684
gbgene1419	GO:0004402	histone acetyltransferase activity	24	2	0.13	8	0.00684	0.00684	0.00684	0.9200	0.00684	0.00684
gbgene14226	GO:0004402	histone acetyltransferase activity	24	2	0.13	8	0.00684	0.00684	0.00684	0.9200	0.00684	0.00684
gbgene14549	GO:0004402	histone acetyltransferase activity	24	2	0.13	8	0.00684	0.00684	0.00684	0.9200	0.00684	0.00684
gbgene17912	GO:0004402	histone acetyltransferase activity	24	2	0.13	8	0.00684	0.00684	0.00684	0.9200	0.00684	0.00684
gbgene18483	GO:0004402	histone acetyltransferase activity	24	2	0.13	8	0.00684	0.00684	0.00684	0.9200	0.00684	0.00684
gbgene2558	GO:0004402	histone acetyltransferase activity	24	2	0.13	8	0.00684	0.00684	0.00684	0.9200	0.00684	0.00684
gbgene3611	GO:0004402	histone acetyltransferase activity	24	2	0.13	8	0.00684	0.00684	0.00684	0.9200	0.00684	0.00684
gbgene4392	GO:0004402	histone acetyltransferase activity	24	2	0.13	8	0.00684	0.00684	0.00684	0.9200	0.00684	0.00684
gbgene4906	GO:0004402	histone acetyltransferase activity	24	2	0.13	8	0.00684	0.00684	0.00684	0.9200	0.00684	0.00684
gbgene4909	GO:0004402	histone acetyltransferase activity	24	2	0.13	8	0.00684	0.00684	0.00684	0.9200	0.00684	0.00684
gbgene502	GO:0004402	histone acetyltransferase activity	24	2	0.13	8	0.00684	0.00684	0.00684	0.9200	0.00684	0.00684
gbgene570	GO:0004402	histone acetyltransferase activity	24	2	0.13	8	0.00684	0.00684	0.00684	0.9200	0.00684	0.00684
gbgene6308	GO:0004402	histone acetyltransferase activity	24	2	0.13	8	0.00684	0.00684	0.00684	0.9200	0.00684	0.00684
gbgene6675	GO:0004402	histone acetyltransferase activity	24	2	0.13	8	0.00684	0.00684	0.00684	0.9200	0.00684	0.00684
gbgene6690	GO:0004402	histone acetyltransferase activity	24	2	0.13	8	0.00684	0.00684	0.00684	0.9200	0.00684	0.00684
gbgene6735	GO:0004402	histone acetyltransferase activity	24	2	0.13	8	0.00684	0.00684	0.00684	0.9200	0.00684	0.00684
gbgene6903	GO:0004402	histone acetyltransferase activity	24	2	0.13	8	0.00684	0.00684	0.00684	0.9200	0.00684	0.00684
gbgene6998	GO:0004402	histone acetyltransferase activity	24	2	0.13	8	0.00684	0.00684	0.00684	0.9200	0.00684	0.00684
gbgene7690	GO:0004402	histone acetyltransferase activity	24	2	0.13	8	0.00684	0.00684	0.00684	0.9200	0.00684	0.00684
gbgene8521	GO:0004402	histone acetyltransferase activity	24	2	0.13	8	0.00684	0.00684	0.00684	0.9200	0.00684	0.00684
gbgene8605	GO:0004402	histone acetyltransferase activity	24	2	0.13	8	0.00684	0.00684	0.00684	0.9200	0.00684	0.00684
gbgene9289	GO:0004402	histone acetyltransferase activity	24	2	0.13	8	0.00684	0.00684	0.00684	0.9200	0.00684	0.00684
gbgene13489	GO:0004453	juvenile-hormone esterase activity	14	1	0.07	24	0.07064	0.07064	0.07064	0.3580	0.07064	0.07064
gbgene14820	GO:0004453	juvenile-hormone esterase activity	14	1	0.07	24	0.07064	0.07064	0.07064	0.3580	0.07064	0.07064
gbgene14824	GO:0004453	juvenile-hormone esterase activity	14	1	0.07	24	0.07064	0.07064	0.07064	0.3580	0.07064	0.07064
gbgene15082	GO:0004453	juvenile-hormone esterase activity	14	1	0.07	24	0.07064	0.07064	0.07064	0.3580	0.07064	0.07064
gbgene15480	GO:0004453	juvenile-hormone esterase activity	14	1	0.07	24	0.07064	0.07064	0.07064	0.3580	0.07064	0.07064
gbgene17844	GO:0004453	juvenile-hormone esterase activity	14	1	0.07	24	0.07064	0.07064	0.07064	0.3580	0.07064	0.07064
gbgene17846	GO:0004453	juvenile-hormone esterase activity	14	1	0.07	24	0.07064	0.07064	0.07064	0.3580	0.07064	0.07064
gbgene19628	GO:0004453	juvenile-hormone esterase activity	14	1	0.07	24	0.07064	0.07064	0.07064	0.3580	0.07064	0.07064
gbgene20092	GO:0004453	juvenile-hormone esterase activity	14	1	0.07	24	0.07064	0.07064	0.07064	0.3580	0.07064	0.07064
gbgene3516	GO:0004453	juvenile-hormone esterase activity	14	1	0.07	24	0.07064	0.07064	0.07064	0.3580	0.07064	0.07064
gbgene6232	GO:0004453	juvenile-hormone esterase activity	14	1	0.07	24	0.07064	0.07064	0.07064	0.3580	0.07064	0.07064
gbgene6642	GO:0004453	juvenile-hormone esterase activity	14	1	0.07	24	0.07064	0.07064	0.07064	0.3580	0.07064	0.07064
gbgene7265	GO:0004453	juvenile-hormone esterase activity	14	1	0.07	24	0.07064	0.07064	0.07064	0.3580	0.07064	0.07064
gbgene9455	GO:0004453	juvenile-hormone esterase activity	14	1	0.07	24	0.07064	0.07064	0.07064	0.3580	0.07064	0.07064
gbgene13170	GO:0004568	chitinase activity	24	1	0.13	31	0.11807	0.11807	0.11807	0.2069	0.11807	0.11807
gbgene13171	GO:0004568	chitinase activity	24	1	0.13	31	0.11807	0.11807	0.11807	0.2069	0.11807	0.11807
gbgene1414	GO:0004568	chitinase activity	24	1	0.13	31	0.11807	0.11807	0.11807	0.2069	0.11807	0.11807
gbgene15227	GO:0004568	chitinase activity	24	1	0.13	31	0.11807	0.11807	0.11807	0.2069	0.11807	0.11807
gbgene15232	GO:0004568	chitinase activity	24	1	0.13	31	0.11807	0.11807	0.11807	0.2069	0.11807	0.11807
gbgene15376	GO:0004568	chitinase activity	24	1	0.13	31	0.11807	0.11807	0.11807	0.2069	0.11807	0.11807
gbgene15377	GO:0004568	chitinase activity	24	1	0.13	31	0.11807	0.11807	0.11807	0.2069	0.11807	0.11807
gbgene15379	GO:0004568	chitinase activity	24	1	0.13	31	0.11807	0.11807	0.11807	0.2069	0.11807	0.11807
gbgene15381	GO:0004568	chitinase activity	24	1	0.13	31	0.11807	0.11807	0.11807	0.2069	0.11807	0.11807
gbgene19908	GO:0004568	chitinase activity	24	1	0.13	31	0.11807	0.11807	0.11807	0.2069	0.11807	0.11807
gbgene19909	GO:0004568	chitinase activity	24	1	0.13	31	0.11807	0.11807	0.11807	0.2069	0.11807	0.11807
gbgene2018	GO:0004568	chitinase activity	24	1	0.13	31	0.11807	0.11807	0.11807	0.2069	0.11807	0.11807
gbgene2020	GO:0004568	chitinase activity	24	1	0.13	31	0.11807	0.11807	0.11807	0.2069	0.11807	0.11807
gbgene312	GO:0004568	chitinase activity	24	1	0.13	31	0.11807	0.11807	0.11807	0.2069	0.11807	0.11807
gbgene3583	GO:0004568	chitinase activity	24	1	0.13	31	0.11807	0.11807	0.11807	0.2069	0.11807	0.11807
gbgene5205	GO:0004568	chitinase activity	24	1	0.13	31	0.11807	0.11807	0.11807	0.2069	0.11807	0.11807
gbgene5207	GO:0004568	chitinase activity	24	1	0.13	31	0.11807	0.11807	0.11807	0.2069	0.11807	0.11807
gbgene5714	GO:0004568	chitinase activity	24	1	0.13	31	0.11807	0.11807	0.11807	0.2069	0.11807	0.11807
gbgene5717	GO:0004568	chitinase activity	24	1	0.13	31	0.11807	0.11807	0.11807	0.2069	0.11807	0.11807
gbgene6744	GO:0004568	chitinase activity	24	1	0.13	31	0.11807	0.11807	0.11807	0.2069	0.11807	0.11807
gbgene8215	GO:0004568	chitinase activity	24	1	0.13	31	0.11807	0.11807	0.11807	0.2069	0.11807	0.11807
gbgene8792	GO:0004568	chitinase activity	24	1	0.13	31	0.11807	0.11807	0.11807	0.2069	0.11807	0.11807
gbgene9399	GO:0004568	chitinase activity	24	1	0.13	31	0.11807	0.11807	0.11807	0.2069	0.11807	0.11807
gbgene9622	GO:0004568	chitinase activity	24	1	0.13	31	0.11807	0.11807	0.11807	0.2069	0.11807	0.11807
gbgene13585	GO:0004768	stearoyl-CoA 9-desaturase activity	10	1	0.05	20	0.05097	0.05097	0.05097	1.0000	0.05097	0.05097
gbgene1586	GO:0004768	stearoyl-CoA 9-desaturase activity	10	1	0.05	20	0.05097	0.05097	0.05097	1.0000	0.05097	0.05097
gbgene1587	GO:0004768	stearoyl-CoA 9-desaturase activity	10	1	0.05	20	0.05097	0.05097	0.05097	1.0000	0.05097	0.05097
gbgene1588	GO:0004768	stearoyl-CoA 9-desaturase activity	10	1	0.05	20	0.05097	0.05097	0.05097	1.0000	0.05097	0.05097
gbgene1589	GO:0004768	stearoyl-CoA 9-desaturase activity	10	1	0.05	20	0.05097	0.05097	0.05097	1.0000	0.05097	0.05097
gbgene844	GO:0004768	stearoyl-CoA 9-desaturase activity	10	1	0.05	20	0.05097	0.05097	0.05097	1.0000	0.05097	0.05097
gbgene882	GO:0004768	stearoyl-CoA 9-desaturase activity	10	1	0.05	20	0.05097	0.05097	0.05097	1.0000	0.05097	0.05097
gbgene883	GO:0004768	stearoyl-CoA 9-desaturase activity	10	1	0.05	20	0.05097	0.05097	0.05097	1.0000	0.05097	0.05097
gbgene884	GO:0004768	stearoyl-CoA 9-desaturase activity	10	1	0.05	20	0.05097	0.05097	0.05097	1.0000	0.05097	0.05097
gbgene886	GO:0004768	stearoyl-CoA 9-desaturase activity	10	1	0.05	20	0.05097	0.05097	0.05097	1.0000	0.05097	0.05097
gbgene10558	GO:0004806	triglyceride lipase activity	44	3	0.23	4	0.00153	0.00153	0.00153	0.0834	0.00153	0.00153
gbgene10917	GO:0004806	triglyceride lipase activity	44	3	0.23	4	0.00153	0.00153	0.00153	0.0834	0.00153	0.00153
gbgene12425	GO:0004806	triglyceride lipase activity	44	3	0.23	4	0.00153	0.00153	0.00153	0.0834	0.00153	0.00153
gbgene13547	GO:0004806	triglyceride lipase activity	44	3	0.23	4	0.00153	0.00153	0.00153	0.0834	0.00153	0.00153
gbgene13646	GO:0004806	triglyceride lipase activity	44	3	0.23	4	0.00153	0.00153	0.00153	0.0834	0.00153	0.00153
gbgene13852	GO:0004806	triglyceride lipase activity	44	3	0.23	4	0.00153	0.00153	0.00153	0.0834	0.00153	0.00153
gbgene13854	GO:0004806	triglyceride lipase activity	44	3	0.23	4	0.00153	0.00153	0.00153	0.0834	0.00153	0.00153
gbgene14450	GO:0004806	triglyceride lipase activity	44	3	0.23	4	0.00153	0.00153	0.00153	0.0834	0.00153	0.00153
gbgene15454	GO:0004806	triglyceride lipase activity	44	3	0.23	4	0.00153	0.00153	0.00153	0.0834	0.00153	0.00153
gbgene15455	GO:0004806	triglyceride lipase activity	44	3	0.23	4	0.00153	0.00153	0.00153	0.0834	0.00153	0.00153
gbgene15697	GO:0004806	triglyceride lipase activity	44	3	0.23	4	0.00153	0.00153	0.00153	0.0834	0.00153	0.00153
gbgene15698	GO:0004806	triglyceride lipase activity	44	3	0.23	4	0.00153	0.00153	0.00153	0.0834	0.00153	0.00153
gbgene15699	GO:0004806	triglyceride lipase activity	44	3	0.23	4	0.00153	0.00153	0.00153	0.0834	0.00153	0.00153
gbgene15700	GO:0004806	triglyceride lipase activity	44	3	0.23	4	0.00153	0.00153	0.00153	0.0834	0.00153	0.00153
gbgene15701	GO:0004806	triglyceride lipase activity	44	3	0.23	4	0.00153	0.00153	0.00153	0.0834	0.00153	0.00153
gbgene15702	GO:0004806	triglyceride lipase activity	44	3	0.23	4	0.00153	0.00153	0.00153	0.0834	0.00153	0.00153
gbgene16352	GO:0004806	triglyceride lipase activity	44	3	0.23	4	0.00153	0.00153	0.00153	0.0834	0.00153	0.00153
gbgene1680	GO:0004806	triglyceride lipase activity	44	3	0.23	4	0.00153	0.00153	0.00153	0.0834	0.00153	0.00153
gbgene17089	GO:0004806	triglyceride lipase activity	44	3	0.23	4	0.00153	0.00153	0.00153	0.0834	0.00153	0.00153
gbgene17118	GO:0004806	triglyceride lipase activity	44	3	0.23	4	0.00153	0.00153	0.00153	0.0834	0.00153	0.00153
gbgene17119	GO:0004806	triglyceride lipase activity	44	3	0.23	4	0.00153	0.00153	0.00153	0.0834	0.00153	0.00153
gbgene17120	GO:0004806	triglyceride lipase activity	44	3	0.23	4	0.00153	0.00153	0.00153	0.0834	0.00153	0.00153
gbgene18199	GO:0004806	triglyceride lipase activity	44	3	0.23	4	0.00153	0.00153	0.00153	0.0834	0.00153	0.00153
gbgene18516	GO:0004806	triglyceride lipase activity	44	3	0.23	4	0.00153	0.00153	0.00153	0.0834	0.00153	0.00153
gbgene18694	GO:0004806	triglyceride lipase activity	44	3	0.23	4	0.00153	0.00153	0.00153	0.0834	0.00153	0.00153
gbgene18695	GO:0004806	triglyceride lipase activity	44	3	0.23	4	0.00153	0.00153	0.00153	0.0834	0.00153	0.00153
gbgene19235	GO:0004806	triglyceride lipase activity	44	3	0.23	4	0.00153	0.00153	0.00153	0.0834	0.00153	0.00153
gbgene2057	GO:0004806	triglyceride lipase activity	44	3	0.23	4	0.00153	0.00153	0.00153	0.0834	0.00153	0.00153
gbgene2058	GO:0004806	triglyceride lipase activity	44	3	0.23	4	0.00153	0.00153	0.00153	0.0834	0.00153	0.00153
gbgene2059	GO:0004806	triglyceride lipase activity	44	3	0.23	4	0.00153	0.00153	0.00153	0.0834	0.00153	0.00153
gbgene2610	GO:0004806	triglyceride lipase activity	44	3	0.23	4	0.00153	0.00153	0.00153	0.0834	0.00153	0.00153
gbgene3142	GO:0004806	triglyceride lipase activity	44	3	0.23	4	0.00153	0.00153	0.00153	0.0834	0.00153	0.00153
gbgene3143	GO:0004806	triglyceride lipase activity	44	3	0.23	4	0.00153	0.00153	0.00153	0.0834	0.00153	0.00153
gbgene5052	GO:0004806	triglyceride lipase activity	44	3	0.23	4	0.00153	0.00153	0.00153	0.0834	0.00153	0.00153
gbgene5591	GO:0004806	triglyceride lipase activity	44	3	0.23	4	0.00153	0.00153	0.00153	0.0834	0.00153	0.00153
gbgene5862	GO:0004806	triglyceride lipase activity	44	3	0.23	4	0.00153	0.00153	0.00153	0.0834	0.00153	0.00153
gbgene5936	GO:0004806	triglyceride lipase activity	44	3	0.23	4	0.00153	0.00153	0.00153	0.0834	0.00153	0.00153
gbgene6683	GO:0004806	triglyceride lipase activity	44	3	0.23	4	0.00153	0.00153	0.00153	0.0834	0.00153	0.00153
gbgene6727	GO:0004806	triglyceride lipase activity	44	3	0.23	4	0.00153	0.00153	0.00153	0.0834	0.00153	0.00153
gbgene7269	GO:0004806	triglyceride lipase activity	44	3	0.23	4	0.00153	0.00153	0.00153	0.0834	0.00153	0.00153
gbgene7831	GO:0004806	triglyceride lipase activity	44	3	0.23	4	0.00153	0.00153	0.00153	0.0834	0.00153	0.00153
gbgene8	GO:0004806	triglyceride lipase activity	44	3	0.23	4	0.00153	0.00153	0.00153	0.0834	0.00153	0.00153
gbgene8003	GO:0004806	triglyceride lipase activity	44	3	0.23	4	0.00153	0.00153	0.00153	0.0834	0.00153	0.00153
gbgene8328	GO:0004806	triglyceride lipase activity	44	3	0.23	4	0.00153	0.00153	0.00153	0.0834	0.00153	0.00153
gbgene10171	GO:0004842	ubiquitin-protein transferase activity	197	4	1.03	12	0.01916	0.01916	0.01916	0.7164	0.01916	0.01916
gbgene10249	GO:0004842	ubiquitin-protein transferase activity	197	4	1.03	12	0.01916	0.01916	0.01916	0.7164	0.01916	0.01916
gbgene1045	GO:0004842	ubiquitin-protein transferase activity	197	4	1.03	12	0.01916	0.01916	0.01916	0.7164	0.01916	0.01916
gbgene10624	GO:0004842	ubiquitin-protein transferase activity	197	4	1.03	12	0.01916	0.01916	0.01916	0.7164	0.01916	0.01916
gbgene1091	GO:0004842	ubiquitin-protein transferase activity	197	4	1.03	12	0.01916	0.01916	0.01916	0.7164	0.01916	0.01916
gbgene10993	GO:0004842	ubiquitin-protein transferase activity	197	4	1.03	12	0.01916	0.01916	0.01916	0.7164	0.01916	0.01916
gbgene1112	GO:0004842	ubiquitin-protein transferase activity	197	4	1.03	12	0.01916	0.01916	0.01916	0.7164	0.01916	0.01916
gbgene11206	GO:0004842	ubiquitin-protein transferase activity	197	4	1.03	12	0.01916	0.01916	0.01916	0.7164	0.01916	0.01916
gbgene11216	GO:0004842	ubiquitin-protein transferase activity	197	4	1.03	12	0.01916	0.01916	0.01916	0.7164	0.01916	0.01916
gbgene1125	GO:0004842	ubiquitin-protein transferase activity	197	4	1.03	12	0.01916	0.01916	0.01916	0.7164	0.01916	0.01916
gbgene11256	GO:0004842	ubiquitin-protein transferase activity	197	4	1.03	12	0.01916	0.01916	0.01916	0.7164	0.01916	0.01916
gbgene11266	GO:0004842	ubiquitin-protein transferase activity	197	4	1.03	12	0.01916	0.01916	0.01916	0.7164	0.01916	0.01916
gbgene11321	GO:0004842	ubiquitin-protein transferase activity	197	4	1.03	12	0.01916	0.01916	0.01916	0.7164	0.01916	0.01916
gbgene11618	GO:0004842	ubiquitin-protein transferase activity	197	4	1.03	12	0.01916	0.01916	0.01916	0.7164	0.01916	0.01916
gbgene11650	GO:0004842	ubiquitin-protein transferase activity	197	4	1.03	12	0.01916	0.01916	0.01916	0.7164	0.01916	0.01916
gbgene11789	GO:0004842	ubiquitin-protein transferase activity	197	4	1.03	12	0.01916	0.01916	0.01916	0.7164	0.01916	0.01916
gbgene11839	GO:0004842	ubiquitin-protein transferase activity	197	4	1.03	12	0.01916	0.01916	0.01916	0.7164	0.01916	0.01916
gbgene11948	GO:0004842	ubiquitin-protein transferase activity	197	4	1.03	12	0.01916	0.01916	0.01916	0.7164	0.01916	0.01916
gbgene12102	GO:0004842	ubiquitin-protein transferase activity	197	4	1.03	12	0.01916	0.01916	0.01916	0.7164	0.01916	0.01916
gbgene12131	GO:0004842	ubiquitin-protein transferase activity	197	4	1.03	12	0.01916	0.01916	0.01916	0.7164	0.01916	0.01916
gbgene12188	GO:0004842	ubiquitin-protein transferase activity	197	4	1.03	12	0.01916	0.01916	0.01916	0.7164	0.01916	0.01916
gbgene12214	GO:0004842	ubiquitin-protein transferase activity	197	4	1.03	12	0.01916	0.01916	0.01916	0.7164	0.01916	0.01916
gbgene12520	GO:0004842	ubiquitin-protein transferase activity	197	4	1.03	12	0.01916	0.01916	0.01916	0.7164	0.01916	0.01916
gbgene12526	GO:0004842	ubiquitin-protein transferase activity	197	4	1.03	12	0.01916	0.01916	0.01916	0.7164	0.01916	0.01916
gbgene1318	GO:0004842	ubiquitin-protein transferase activity	197	4	1.03	12	0.01916	0.01916	0.01916	0.7164	0.01916	0.01916
gbgene13544	GO:0004842	ubiquitin-protein transferase activity	197	4	1.03	12	0.01916	0.01916	0.01916	0.7164	0.01916	0.01916
gbgene13558	GO:0004842	ubiquitin-protein transferase activity	197	4	1.03	12	0.01916	0.01916	0.01916	0.7164	0.01916	0.01916
gbgene13578	GO:0004842	ubiquitin-protein transferase activity	197	4	1.03	12	0.01916	0.01916	0.01916	0.7164	0.01916	0.01916
gbgene13622	GO:0004842	ubiquitin-protein transferase activity	197	4	1.03	12	0.01916	0.01916	0.01916	0.7164	0.01916	0.01916
gbgene13644	GO:0004842	ubiquitin-protein transferase activity	197	4	1.03	12	0.01916	0.01916	0.01916	0.7164	0.01916	0.01916
gbgene13701	GO:0004842	ubiquitin-protein transferase activity	197	4	1.03	12	0.01916	0.01916	0.01916	0.7164	0.01916	0.01916
gbgene13703	GO:0004842	ubiquitin-protein transferase activity	197	4	1.03	12	0.01916	0.01916	0.01916	0.7164	0.01916	0.01916
gbgene13864	GO:0004842	ubiquitin-protein transferase activity	197	4	1.03	12	0.01916	0.01916	0.01916	0.7164	0.01916	0.01916
gbgene13870	GO:0004842	ubiquitin-protein transferase activity	197	4	1.03	12	0.01916	0.01916	0.01916	0.7164	0.01916	0.01916
gbgene13898	GO:0004842	ubiquitin-protein transferase activity	197	4	1.03	12	0.01916	0.01916	0.01916	0.7164	0.01916	0.01916
gbgene13935	GO:0004842	ubiquitin-protein transferase activity	197	4	1.03	12	0.01916	0.01916	0.01916	0.7164	0.01916	0.01916
gbgene13984	GO:0004842	ubiquitin-protein transferase activity	197	4	1.03	12	0.01916	0.01916	0.01916	0.7164	0.01916	0.01916
gbgene14239	GO:0004842	ubiquitin-protein transferase activity	197	4	1.03	12	0.01916	0.01916	0.01916	0.7164	0.01916	0.01916
gbgene14446	GO:0004842	ubiquitin-protein transferase activity	197	4	1.03	12	0.01916	0.01916	0.01916	0.7164	0.01916	0.01916
gbgene14549	GO:0004842	ubiquitin-protein transferase activity	197	4	1.03	12	0.01916	0.01916	0.01916	0.7164	0.01916	0.01916
gbgene14677	GO:0004842	ubiquitin-protein transferase activity	197	4	1.03	12	0.01916	0.01916	0.01916	0.7164	0.01916	0.01916
gbgene1474	GO:0004842	ubiquitin-protein transferase activity	197	4	1.03	12	0.01916	0.01916	0.01916	0.7164	0.01916	0.01916
gbgene14779	GO:0004842	ubiquitin-protein transferase activity	197	4	1.03	12	0.01916	0.01916	0.01916	0.7164	0.01916	0.01916
gbgene14780	GO:0004842	ubiquitin-protein transferase activity	197	4	1.03	12	0.01916	0.01916	0.01916	0.7164	0.01916	0.01916
gbgene14787	GO:0004842	ubiquitin-protein transferase activity	197	4	1.03	12	0.01916	0.01916	0.01916	0.7164	0.01916	0.01916
gbgene148	GO:0004842	ubiquitin-protein transferase activity	197	4	1.03	12	0.01916	0.01916	0.01916	0.7164	0.01916	0.01916
gbgene14922	GO:0004842	ubiquitin-protein transferase activity	197	4	1.03	12	0.01916	0.01916	0.01916	0.7164	0.01916	0.01916
gbgene15075	GO:0004842	ubiquitin-protein transferase activity	197	4	1.03	12	0.01916	0.01916	0.01916	0.7164	0.01916	0.01916
gbgene15206	GO:0004842	ubiquitin-protein transferase activity	197	4	1.03	12	0.01916	0.01916	0.01916	0.7164	0.01916	0.01916
gbgene15275	GO:0004842	ubiquitin-protein transferase activity	197	4	1.03	12	0.01916	0.01916	0.01916	0.7164	0.01916	0.01916
gbgene15283	GO:0004842	ubiquitin-protein transferase activity	197	4	1.03	12	0.01916	0.01916	0.01916	0.7164	0.01916	0.01916
gbgene15423	GO:0004842	ubiquitin-protein transferase activity	197	4	1.03	12	0.01916	0.01916	0.01916	0.7164	0.01916	0.01916
gbgene15727	GO:0004842	ubiquitin-protein transferase activity	197	4	1.03	12	0.01916	0.01916	0.01916	0.7164	0.01916	0.01916
gbgene15869	GO:0004842	ubiquitin-protein transferase activity	197	4	1.03	12	0.01916	0.01916	0.01916	0.7164	0.01916	0.01916
gbgene15876	GO:0004842	ubiquitin-protein transferase activity	197	4	1.03	12	0.01916	0.01916	0.01916	0.7164	0.01916	0.01916
gbgene15982	GO:0004842	ubiquitin-protein transferase activity	197	4	1.03	12	0.01916	0.01916	0.01916	0.7164	0.01916	0.01916
gbgene15985	GO:0004842	ubiquitin-protein transferase activity	197	4	1.03	12	0.01916	0.01916	0.01916	0.7164	0.01916	0.01916
gbgene15996	GO:0004842	ubiquitin-protein transferase activity	197	4	1.03	12	0.01916	0.01916	0.01916	0.7164	0.01916	0.01916
gbgene16088	GO:0004842	ubiquitin-protein transferase activity	197	4	1.03	12	0.01916	0.01916	0.01916	0.7164	0.01916	0.01916
gbgene16408	GO:0004842	ubiquitin-protein transferase activity	197	4	1.03	12	0.01916	0.01916	0.01916	0.7164	0.01916	0.01916
gbgene16592	GO:0004842	ubiquitin-protein transferase activity	197	4	1.03	12	0.01916	0.01916	0.01916	0.7164	0.01916	0.01916
gbgene16688	GO:0004842	ubiquitin-protein transferase activity	197	4	1.03	12	0.01916	0.01916	0.01916	0.7164	0.01916	0.01916
gbgene1688	GO:0004842	ubiquitin-protein transferase activity	197	4	1.03	12	0.01916	0.01916	0.01916	0.7164	0.01916	0.01916
gbgene16882	GO:0004842	ubiquitin-protein transferase activity	197	4	1.03	12	0.01916	0.01916	0.01916	0.7164	0.01916	0.01916
gbgene16931	GO:0004842	ubiquitin-protein transferase activity	197	4	1.03	12	0.01916	0.01916	0.01916	0.7164	0.01916	0.01916
gbgene1702	GO:0004842	ubiquitin-protein transferase activity	197	4	1.03	12	0.01916	0.01916	0.01916	0.7164	0.01916	0.01916
gbgene17455	GO:0004842	ubiquitin-protein transferase activity	197	4	1.03	12	0.01916	0.01916	0.01916	0.7164	0.01916	0.01916
gbgene17501	GO:0004842	ubiquitin-protein transferase activity	197	4	1.03	12	0.01916	0.01916	0.01916	0.7164	0.01916	0.01916
gbgene1756	GO:0004842	ubiquitin-protein transferase activity	197	4	1.03	12	0.01916	0.01916	0.01916	0.7164	0.01916	0.01916
gbgene17571	GO:0004842	ubiquitin-protein transferase activity	197	4	1.03	12	0.01916	0.01916	0.01916	0.7164	0.01916	0.01916
gbgene17575	GO:0004842	ubiquitin-protein transferase activity	197	4	1.03	12	0.01916	0.01916	0.01916	0.7164	0.01916	0.01916
gbgene17969	GO:0004842	ubiquitin-protein transferase activity	197	4	1.03	12	0.01916	0.01916	0.01916	0.7164	0.01916	0.01916
gbgene18204	GO:0004842	ubiquitin-protein transferase activity	197	4	1.03	12	0.01916	0.01916	0.01916	0.7164	0.01916	0.01916
gbgene18275	GO:0004842	ubiquitin-protein transferase activity	197	4	1.03	12	0.01916	0.01916	0.01916	0.7164	0.01916	0.01916
gbgene1829	GO:0004842	ubiquitin-protein transferase activity	197	4	1.03	12	0.01916	0.01916	0.01916	0.7164	0.01916	0.01916
gbgene18621	GO:0004842	ubiquitin-protein transferase activity	197	4	1.03	12	0.01916	0.01916	0.01916	0.7164	0.01916	0.01916
gbgene18622	GO:0004842	ubiquitin-protein transferase activity	197	4	1.03	12	0.01916	0.01916	0.01916	0.7164	0.01916	0.01916
gbgene19075	GO:0004842	ubiquitin-protein transferase activity	197	4	1.03	12	0.01916	0.01916	0.01916	0.7164	0.01916	0.01916
gbgene19167	GO:0004842	ubiquitin-protein transferase activity	197	4	1.03	12	0.01916	0.01916	0.01916	0.7164	0.01916	0.01916
gbgene19169	GO:0004842	ubiquitin-protein transferase activity	197	4	1.03	12	0.01916	0.01916	0.01916	0.7164	0.01916	0.01916
gbgene19260	GO:0004842	ubiquitin-protein transferase activity	197	4	1.03	12	0.01916	0.01916	0.01916	0.7164	0.01916	0.01916
gbgene19356	GO:0004842	ubiquitin-protein transferase activity	197	4	1.03	12	0.01916	0.01916	0.01916	0.7164	0.01916	0.01916
gbgene19927	GO:0004842	ubiquitin-protein transferase activity	197	4	1.03	12	0.01916	0.01916	0.01916	0.7164	0.01916	0.01916
gbgene20029	GO:0004842	ubiquitin-protein transferase activity	197	4	1.03	12	0.01916	0.01916	0.01916	0.7164	0.01916	0.01916
gbgene20074	GO:0004842	ubiquitin-protein transferase activity	197	4	1.03	12	0.01916	0.01916	0.01916	0.7164	0.01916	0.01916
gbgene20179	GO:0004842	ubiquitin-protein transferase activity	197	4	1.03	12	0.01916	0.01916	0.01916	0.7164	0.01916	0.01916
gbgene2027	GO:0004842	ubiquitin-protein transferase activity	197	4	1.03	12	0.01916	0.01916	0.01916	0.7164	0.01916	0.01916
gbgene2080	GO:0004842	ubiquitin-protein transferase activity	197	4	1.03	12	0.01916	0.01916	0.01916	0.7164	0.01916	0.01916
gbgene2082	GO:0004842	ubiquitin-protein transferase activity	197	4	1.03	12	0.01916	0.01916	0.01916	0.7164	0.01916	0.01916
gbgene227	GO:0004842	ubiquitin-protein transferase activity	197	4	1.03	12	0.01916	0.01916	0.01916	0.7164	0.01916	0.01916
gbgene2296	GO:0004842	ubiquitin-protein transferase activity	197	4	1.03	12	0.01916	0.01916	0.01916	0.7164	0.01916	0.01916
gbgene2397	GO:0004842	ubiquitin-protein transferase activity	197	4	1.03	12	0.01916	0.01916	0.01916	0.7164	0.01916	0.01916
gbgene2399	GO:0004842	ubiquitin-protein transferase activity	197	4	1.03	12	0.01916	0.01916	0.01916	0.7164	0.01916	0.01916
gbgene2420	GO:0004842	ubiquitin-protein transferase activity	197	4	1.03	12	0.01916	0.01916	0.01916	0.7164	0.01916	0.01916
gbgene2444	GO:0004842	ubiquitin-protein transferase activity	197	4	1.03	12	0.01916	0.01916	0.01916	0.7164	0.01916	0.01916
gbgene2445	GO:0004842	ubiquitin-protein transferase activity	197	4	1.03	12	0.01916	0.01916	0.01916	0.7164	0.01916	0.01916
gbgene2613	GO:0004842	ubiquitin-protein transferase activity	197	4	1.03	12	0.01916	0.01916	0.01916	0.7164	0.01916	0.01916
gbgene2741	GO:0004842	ubiquitin-protein transferase activity	197	4	1.03	12	0.01916	0.01916	0.01916	0.7164	0.01916	0.01916
gbgene28	GO:0004842	ubiquitin-protein transferase activity	197	4	1.03	12	0.01916	0.01916	0.01916	0.7164	0.01916	0.01916
gbgene2846	GO:0004842	ubiquitin-protein transferase activity	197	4	1.03	12	0.01916	0.01916	0.01916	0.7164	0.01916	0.01916
gbgene2940	GO:0004842	ubiquitin-protein transferase activity	197	4	1.03	12	0.01916	0.01916	0.01916	0.7164	0.01916	0.01916
gbgene300	GO:0004842	ubiquitin-protein transferase activity	197	4	1.03	12	0.01916	0.01916	0.01916	0.7164	0.01916	0.01916
gbgene3072	GO:0004842	ubiquitin-protein transferase activity	197	4	1.03	12	0.01916	0.01916	0.01916	0.7164	0.01916	0.01916
gbgene3096	GO:0004842	ubiquitin-protein transferase activity	197	4	1.03	12	0.01916	0.01916	0.01916	0.7164	0.01916	0.01916
gbgene3299	GO:0004842	ubiquitin-protein transferase activity	197	4	1.03	12	0.01916	0.01916	0.01916	0.7164	0.01916	0.01916
gbgene3322	GO:0004842	ubiquitin-protein transferase activity	197	4	1.03	12	0.01916	0.01916	0.01916	0.7164	0.01916	0.01916
gbgene3365	GO:0004842	ubiquitin-protein transferase activity	197	4	1.03	12	0.01916	0.01916	0.01916	0.7164	0.01916	0.01916
gbgene340	GO:0004842	ubiquitin-protein transferase activity	197	4	1.03	12	0.01916	0.01916	0.01916	0.7164	0.01916	0.01916
gbgene3441	GO:0004842	ubiquitin-protein transferase activity	197	4	1.03	12	0.01916	0.01916	0.01916	0.7164	0.01916	0.01916
gbgene3585	GO:0004842	ubiquitin-protein transferase activity	197	4	1.03	12	0.01916	0.01916	0.01916	0.7164	0.01916	0.01916
gbgene3652	GO:0004842	ubiquitin-protein transferase activity	197	4	1.03	12	0.01916	0.01916	0.01916	0.7164	0.01916	0.01916
gbgene3667	GO:0004842	ubiquitin-protein transferase activity	197	4	1.03	12	0.01916	0.01916	0.01916	0.7164	0.01916	0.01916
gbgene3734	GO:0004842	ubiquitin-protein transferase activity	197	4	1.03	12	0.01916	0.01916	0.01916	0.7164	0.01916	0.01916
gbgene3737	GO:0004842	ubiquitin-protein transferase activity	197	4	1.03	12	0.01916	0.01916	0.01916	0.7164	0.01916	0.01916
gbgene384	GO:0004842	ubiquitin-protein transferase activity	197	4	1.03	12	0.01916	0.01916	0.01916	0.7164	0.01916	0.01916
gbgene4187	GO:0004842	ubiquitin-protein transferase activity	197	4	1.03	12	0.01916	0.01916	0.01916	0.7164	0.01916	0.01916
gbgene4284	GO:0004842	ubiquitin-protein transferase activity	197	4	1.03	12	0.01916	0.01916	0.01916	0.7164	0.01916	0.01916
gbgene4355	GO:0004842	ubiquitin-protein transferase activity	197	4	1.03	12	0.01916	0.01916	0.01916	0.7164	0.01916	0.01916
gbgene4420	GO:0004842	ubiquitin-protein transferase activity	197	4	1.03	12	0.01916	0.01916	0.01916	0.7164	0.01916	0.01916
gbgene4423	GO:0004842	ubiquitin-protein transferase activity	197	4	1.03	12	0.01916	0.01916	0.01916	0.7164	0.01916	0.01916
gbgene457	GO:0004842	ubiquitin-protein transferase activity	197	4	1.03	12	0.01916	0.01916	0.01916	0.7164	0.01916	0.01916
gbgene4812	GO:0004842	ubiquitin-protein transferase activity	197	4	1.03	12	0.01916	0.01916	0.01916	0.7164	0.01916	0.01916
gbgene4821	GO:0004842	ubiquitin-protein transferase activity	197	4	1.03	12	0.01916	0.01916	0.01916	0.7164	0.01916	0.01916
gbgene5058	GO:0004842	ubiquitin-protein transferase activity	197	4	1.03	12	0.01916	0.01916	0.01916	0.7164	0.01916	0.01916
gbgene5076	GO:0004842	ubiquitin-protein transferase activity	197	4	1.03	12	0.01916	0.01916	0.01916	0.7164	0.01916	0.01916
gbgene5077	GO:0004842	ubiquitin-protein transferase activity	197	4	1.03	12	0.01916	0.01916	0.01916	0.7164	0.01916	0.01916
gbgene5159	GO:0004842	ubiquitin-protein transferase activity	197	4	1.03	12	0.01916	0.01916	0.01916	0.7164	0.01916	0.01916
gbgene5297	GO:0004842	ubiquitin-protein transferase activity	197	4	1.03	12	0.01916	0.01916	0.01916	0.7164	0.01916	0.01916
gbgene5405	GO:0004842	ubiquitin-protein transferase activity	197	4	1.03	12	0.01916	0.01916	0.01916	0.7164	0.01916	0.01916
gbgene5647	GO:0004842	ubiquitin-protein transferase activity	197	4	1.03	12	0.01916	0.01916	0.01916	0.7164	0.01916	0.01916
gbgene5754	GO:0004842	ubiquitin-protein transferase activity	197	4	1.03	12	0.01916	0.01916	0.01916	0.7164	0.01916	0.01916
gbgene5757	GO:0004842	ubiquitin-protein transferase activity	197	4	1.03	12	0.01916	0.01916	0.01916	0.7164	0.01916	0.01916
gbgene5758	GO:0004842	ubiquitin-protein transferase activity	197	4	1.03	12	0.01916	0.01916	0.01916	0.7164	0.01916	0.01916
gbgene5759	GO:0004842	ubiquitin-protein transferase activity	197	4	1.03	12	0.01916	0.01916	0.01916	0.7164	0.01916	0.01916
gbgene5840	GO:0004842	ubiquitin-protein transferase activity	197	4	1.03	12	0.01916	0.01916	0.01916	0.7164	0.01916	0.01916
gbgene594	GO:0004842	ubiquitin-protein transferase activity	197	4	1.03	12	0.01916	0.01916	0.01916	0.7164	0.01916	0.01916
gbgene6033	GO:0004842	ubiquitin-protein transferase activity	197	4	1.03	12	0.01916	0.01916	0.01916	0.7164	0.01916	0.01916
gbgene6035	GO:0004842	ubiquitin-protein transferase activity	197	4	1.03	12	0.01916	0.01916	0.01916	0.7164	0.01916	0.01916
gbgene6143	GO:0004842	ubiquitin-protein transferase activity	197	4	1.03	12	0.01916	0.01916	0.01916	0.7164	0.01916	0.01916
gbgene6165	GO:0004842	ubiquitin-protein transferase activity	197	4	1.03	12	0.01916	0.01916	0.01916	0.7164	0.01916	0.01916
gbgene6257	GO:0004842	ubiquitin-protein transferase activity	197	4	1.03	12	0.01916	0.01916	0.01916	0.7164	0.01916	0.01916
gbgene6265	GO:0004842	ubiquitin-protein transferase activity	197	4	1.03	12	0.01916	0.01916	0.01916	0.7164	0.01916	0.01916
gbgene6304	GO:0004842	ubiquitin-protein transferase activity	197	4	1.03	12	0.01916	0.01916	0.01916	0.7164	0.01916	0.01916
gbgene6357	GO:0004842	ubiquitin-protein transferase activity	197	4	1.03	12	0.01916	0.01916	0.01916	0.7164	0.01916	0.01916
gbgene6398	GO:0004842	ubiquitin-protein transferase activity	197	4	1.03	12	0.01916	0.01916	0.01916	0.7164	0.01916	0.01916
gbgene6538	GO:0004842	ubiquitin-protein transferase activity	197	4	1.03	12	0.01916	0.01916	0.01916	0.7164	0.01916	0.01916
gbgene6539	GO:0004842	ubiquitin-protein transferase activity	197	4	1.03	12	0.01916	0.01916	0.01916	0.7164	0.01916	0.01916
gbgene6655	GO:0004842	ubiquitin-protein transferase activity	197	4	1.03	12	0.01916	0.01916	0.01916	0.7164	0.01916	0.01916
gbgene6955	GO:0004842	ubiquitin-protein transferase activity	197	4	1.03	12	0.01916	0.01916	0.01916	0.7164	0.01916	0.01916
gbgene6958	GO:0004842	ubiquitin-protein transferase activity	197	4	1.03	12	0.01916	0.01916	0.01916	0.7164	0.01916	0.01916
gbgene7011	GO:0004842	ubiquitin-protein transferase activity	197	4	1.03	12	0.01916	0.01916	0.01916	0.7164	0.01916	0.01916
gbgene7045	GO:0004842	ubiquitin-protein transferase activity	197	4	1.03	12	0.01916	0.01916	0.01916	0.7164	0.01916	0.01916
gbgene7207	GO:0004842	ubiquitin-protein transferase activity	197	4	1.03	12	0.01916	0.01916	0.01916	0.7164	0.01916	0.01916
gbgene7260	GO:0004842	ubiquitin-protein transferase activity	197	4	1.03	12	0.01916	0.01916	0.01916	0.7164	0.01916	0.01916
gbgene7274	GO:0004842	ubiquitin-protein transferase activity	197	4	1.03	12	0.01916	0.01916	0.01916	0.7164	0.01916	0.01916
gbgene7275	GO:0004842	ubiquitin-protein transferase activity	197	4	1.03	12	0.01916	0.01916	0.01916	0.7164	0.01916	0.01916
gbgene7380	GO:0004842	ubiquitin-protein transferase activity	197	4	1.03	12	0.01916	0.01916	0.01916	0.7164	0.01916	0.01916
gbgene7436	GO:0004842	ubiquitin-protein transferase activity	197	4	1.03	12	0.01916	0.01916	0.01916	0.7164	0.01916	0.01916
gbgene7487	GO:0004842	ubiquitin-protein transferase activity	197	4	1.03	12	0.01916	0.01916	0.01916	0.7164	0.01916	0.01916
gbgene7543	GO:0004842	ubiquitin-protein transferase activity	197	4	1.03	12	0.01916	0.01916	0.01916	0.7164	0.01916	0.01916
gbgene7664	GO:0004842	ubiquitin-protein transferase activity	197	4	1.03	12	0.01916	0.01916	0.01916	0.7164	0.01916	0.01916
gbgene7667	GO:0004842	ubiquitin-protein transferase activity	197	4	1.03	12	0.01916	0.01916	0.01916	0.7164	0.01916	0.01916
gbgene7740	GO:0004842	ubiquitin-protein transferase activity	197	4	1.03	12	0.01916	0.01916	0.01916	0.7164	0.01916	0.01916
gbgene7757	GO:0004842	ubiquitin-protein transferase activity	197	4	1.03	12	0.01916	0.01916	0.01916	0.7164	0.01916	0.01916
gbgene7759	GO:0004842	ubiquitin-protein transferase activity	197	4	1.03	12	0.01916	0.01916	0.01916	0.7164	0.01916	0.01916
gbgene7865	GO:0004842	ubiquitin-protein transferase activity	197	4	1.03	12	0.01916	0.01916	0.01916	0.7164	0.01916	0.01916
gbgene7959	GO:0004842	ubiquitin-protein transferase activity	197	4	1.03	12	0.01916	0.01916	0.01916	0.7164	0.01916	0.01916
gbgene8220	GO:0004842	ubiquitin-protein transferase activity	197	4	1.03	12	0.01916	0.01916	0.01916	0.7164	0.01916	0.01916
gbgene8326	GO:0004842	ubiquitin-protein transferase activity	197	4	1.03	12	0.01916	0.01916	0.01916	0.7164	0.01916	0.01916
gbgene8327	GO:0004842	ubiquitin-protein transferase activity	197	4	1.03	12	0.01916	0.01916	0.01916	0.7164	0.01916	0.01916
gbgene8428	GO:0004842	ubiquitin-protein transferase activity	197	4	1.03	12	0.01916	0.01916	0.01916	0.7164	0.01916	0.01916
gbgene8435	GO:0004842	ubiquitin-protein transferase activity	197	4	1.03	12	0.01916	0.01916	0.01916	0.7164	0.01916	0.01916
gbgene8449	GO:0004842	ubiquitin-protein transferase activity	197	4	1.03	12	0.01916	0.01916	0.01916	0.7164	0.01916	0.01916
gbgene848	GO:0004842	ubiquitin-protein transferase activity	197	4	1.03	12	0.01916	0.01916	0.01916	0.7164	0.01916	0.01916
gbgene8484	GO:0004842	ubiquitin-protein transferase activity	197	4	1.03	12	0.01916	0.01916	0.01916	0.7164	0.01916	0.01916
gbgene8485	GO:0004842	ubiquitin-protein transferase activity	197	4	1.03	12	0.01916	0.01916	0.01916	0.7164	0.01916	0.01916
gbgene8571	GO:0004842	ubiquitin-protein transferase activity	197	4	1.03	12	0.01916	0.01916	0.01916	0.7164	0.01916	0.01916
gbgene8625	GO:0004842	ubiquitin-protein transferase activity	197	4	1.03	12	0.01916	0.01916	0.01916	0.7164	0.01916	0.01916
gbgene8661	GO:0004842	ubiquitin-protein transferase activity	197	4	1.03	12	0.01916	0.01916	0.01916	0.7164	0.01916	0.01916
gbgene8753	GO:0004842	ubiquitin-protein transferase activity	197	4	1.03	12	0.01916	0.01916	0.01916	0.7164	0.01916	0.01916
gbgene8755	GO:0004842	ubiquitin-protein transferase activity	197	4	1.03	12	0.01916	0.01916	0.01916	0.7164	0.01916	0.01916
gbgene8802	GO:0004842	ubiquitin-protein transferase activity	197	4	1.03	12	0.01916	0.01916	0.01916	0.7164	0.01916	0.01916
gbgene8878	GO:0004842	ubiquitin-protein transferase activity	197	4	1.03	12	0.01916	0.01916	0.01916	0.7164	0.01916	0.01916
gbgene9100	GO:0004842	ubiquitin-protein transferase activity	197	4	1.03	12	0.01916	0.01916	0.01916	0.7164	0.01916	0.01916
gbgene928	GO:0004842	ubiquitin-protein transferase activity	197	4	1.03	12	0.01916	0.01916	0.01916	0.7164	0.01916	0.01916
gbgene9359	GO:0004842	ubiquitin-protein transferase activity	197	4	1.03	12	0.01916	0.01916	0.01916	0.7164	0.01916	0.01916
gbgene9449	GO:0004842	ubiquitin-protein transferase activity	197	4	1.03	12	0.01916	0.01916	0.01916	0.7164	0.01916	0.01916
gbgene9512	GO:0004842	ubiquitin-protein transferase activity	197	4	1.03	12	0.01916	0.01916	0.01916	0.7164	0.01916	0.01916
gbgene9513	GO:0004842	ubiquitin-protein transferase activity	197	4	1.03	12	0.01916	0.01916	0.01916	0.7164	0.01916	0.01916
gbgene9532	GO:0004842	ubiquitin-protein transferase activity	197	4	1.03	12	0.01916	0.01916	0.01916	0.7164	0.01916	0.01916
gbgene9618	GO:0004842	ubiquitin-protein transferase activity	197	4	1.03	12	0.01916	0.01916	0.01916	0.7164	0.01916	0.01916
gbgene9643	GO:0004842	ubiquitin-protein transferase activity	197	4	1.03	12	0.01916	0.01916	0.01916	0.7164	0.01916	0.01916
gbgene9652	GO:0004842	ubiquitin-protein transferase activity	197	4	1.03	12	0.01916	0.01916	0.01916	0.7164	0.01916	0.01916
gbgene9694	GO:0004842	ubiquitin-protein transferase activity	197	4	1.03	12	0.01916	0.01916	0.01916	0.7164	0.01916	0.01916
gbgene9696	GO:0004842	ubiquitin-protein transferase activity	197	4	1.03	12	0.01916	0.01916	0.01916	0.7164	0.01916	0.01916
gbgene9867	GO:0004842	ubiquitin-protein transferase activity	197	4	1.03	12	0.01916	0.01916	0.01916	0.7164	0.01916	0.01916
gbgene9972	GO:0004842	ubiquitin-protein transferase activity	197	4	1.03	12	0.01916	0.01916	0.01916	0.7164	0.01916	0.01916
gbgene10227	GO:0008010	structural constituent of chitin-based larval cuticle	19	1	0.1	29	0.09466	0.09466	0.09466	1.0000	0.09466	0.09466
gbgene1207	GO:0008010	structural constituent of chitin-based larval cuticle	19	1	0.1	29	0.09466	0.09466	0.09466	1.0000	0.09466	0.09466
gbgene13455	GO:0008010	structural constituent of chitin-based larval cuticle	19	1	0.1	29	0.09466	0.09466	0.09466	1.0000	0.09466	0.09466
gbgene13457	GO:0008010	structural constituent of chitin-based larval cuticle	19	1	0.1	29	0.09466	0.09466	0.09466	1.0000	0.09466	0.09466
gbgene13458	GO:0008010	structural constituent of chitin-based larval cuticle	19	1	0.1	29	0.09466	0.09466	0.09466	1.0000	0.09466	0.09466
gbgene13460	GO:0008010	structural constituent of chitin-based larval cuticle	19	1	0.1	29	0.09466	0.09466	0.09466	1.0000	0.09466	0.09466
gbgene13461	GO:0008010	structural constituent of chitin-based larval cuticle	19	1	0.1	29	0.09466	0.09466	0.09466	1.0000	0.09466	0.09466
gbgene13462	GO:0008010	structural constituent of chitin-based larval cuticle	19	1	0.1	29	0.09466	0.09466	0.09466	1.0000	0.09466	0.09466
gbgene16423	GO:0008010	structural constituent of chitin-based larval cuticle	19	1	0.1	29	0.09466	0.09466	0.09466	1.0000	0.09466	0.09466
gbgene16467	GO:0008010	structural constituent of chitin-based larval cuticle	19	1	0.1	29	0.09466	0.09466	0.09466	1.0000	0.09466	0.09466
gbgene16470	GO:0008010	structural constituent of chitin-based larval cuticle	19	1	0.1	29	0.09466	0.09466	0.09466	1.0000	0.09466	0.09466
gbgene16474	GO:0008010	structural constituent of chitin-based larval cuticle	19	1	0.1	29	0.09466	0.09466	0.09466	1.0000	0.09466	0.09466
gbgene16476	GO:0008010	structural constituent of chitin-based larval cuticle	19	1	0.1	29	0.09466	0.09466	0.09466	1.0000	0.09466	0.09466
gbgene18831	GO:0008010	structural constituent of chitin-based larval cuticle	19	1	0.1	29	0.09466	0.09466	0.09466	1.0000	0.09466	0.09466
gbgene241	GO:0008010	structural constituent of chitin-based larval cuticle	19	1	0.1	29	0.09466	0.09466	0.09466	1.0000	0.09466	0.09466
gbgene4641	GO:0008010	structural constituent of chitin-based larval cuticle	19	1	0.1	29	0.09466	0.09466	0.09466	1.0000	0.09466	0.09466
gbgene6820	GO:0008010	structural constituent of chitin-based larval cuticle	19	1	0.1	29	0.09466	0.09466	0.09466	1.0000	0.09466	0.09466
gbgene6821	GO:0008010	structural constituent of chitin-based larval cuticle	19	1	0.1	29	0.09466	0.09466	0.09466	1.0000	0.09466	0.09466
gbgene757	GO:0008010	structural constituent of chitin-based larval cuticle	19	1	0.1	29	0.09466	0.09466	0.09466	1.0000	0.09466	0.09466
gbgene1207	GO:0008061	chitin binding	58	3	0.3	6	0.00338	0.00338	0.00338	0.0011	0.00338	0.00338
gbgene12463	GO:0008061	chitin binding	58	3	0.3	6	0.00338	0.00338	0.00338	0.0011	0.00338	0.00338
gbgene13170	GO:0008061	chitin binding	58	3	0.3	6	0.00338	0.00338	0.00338	0.0011	0.00338	0.00338
gbgene13171	GO:0008061	chitin binding	58	3	0.3	6	0.00338	0.00338	0.00338	0.0011	0.00338	0.00338
gbgene13455	GO:0008061	chitin binding	58	3	0.3	6	0.00338	0.00338	0.00338	0.0011	0.00338	0.00338
gbgene13457	GO:0008061	chitin binding	58	3	0.3	6	0.00338	0.00338	0.00338	0.0011	0.00338	0.00338
gbgene13458	GO:0008061	chitin binding	58	3	0.3	6	0.00338	0.00338	0.00338	0.0011	0.00338	0.00338
gbgene13460	GO:0008061	chitin binding	58	3	0.3	6	0.00338	0.00338	0.00338	0.0011	0.00338	0.00338
gbgene13461	GO:0008061	chitin binding	58	3	0.3	6	0.00338	0.00338	0.00338	0.0011	0.00338	0.00338
gbgene13462	GO:0008061	chitin binding	58	3	0.3	6	0.00338	0.00338	0.00338	0.0011	0.00338	0.00338
gbgene13579	GO:0008061	chitin binding	58	3	0.3	6	0.00338	0.00338	0.00338	0.0011	0.00338	0.00338
gbgene13630	GO:0008061	chitin binding	58	3	0.3	6	0.00338	0.00338	0.00338	0.0011	0.00338	0.00338
gbgene13632	GO:0008061	chitin binding	58	3	0.3	6	0.00338	0.00338	0.00338	0.0011	0.00338	0.00338
gbgene13855	GO:0008061	chitin binding	58	3	0.3	6	0.00338	0.00338	0.00338	0.0011	0.00338	0.00338
gbgene1414	GO:0008061	chitin binding	58	3	0.3	6	0.00338	0.00338	0.00338	0.0011	0.00338	0.00338
gbgene15227	GO:0008061	chitin binding	58	3	0.3	6	0.00338	0.00338	0.00338	0.0011	0.00338	0.00338
gbgene15232	GO:0008061	chitin binding	58	3	0.3	6	0.00338	0.00338	0.00338	0.0011	0.00338	0.00338
gbgene15376	GO:0008061	chitin binding	58	3	0.3	6	0.00338	0.00338	0.00338	0.0011	0.00338	0.00338
gbgene15377	GO:0008061	chitin binding	58	3	0.3	6	0.00338	0.00338	0.00338	0.0011	0.00338	0.00338
gbgene15379	GO:0008061	chitin binding	58	3	0.3	6	0.00338	0.00338	0.00338	0.0011	0.00338	0.00338
gbgene15381	GO:0008061	chitin binding	58	3	0.3	6	0.00338	0.00338	0.00338	0.0011	0.00338	0.00338
gbgene15382	GO:0008061	chitin binding	58	3	0.3	6	0.00338	0.00338	0.00338	0.0011	0.00338	0.00338
gbgene16210	GO:0008061	chitin binding	58	3	0.3	6	0.00338	0.00338	0.00338	0.0011	0.00338	0.00338
gbgene16423	GO:0008061	chitin binding	58	3	0.3	6	0.00338	0.00338	0.00338	0.0011	0.00338	0.00338
gbgene16467	GO:0008061	chitin binding	58	3	0.3	6	0.00338	0.00338	0.00338	0.0011	0.00338	0.00338
gbgene16470	GO:0008061	chitin binding	58	3	0.3	6	0.00338	0.00338	0.00338	0.0011	0.00338	0.00338
gbgene16474	GO:0008061	chitin binding	58	3	0.3	6	0.00338	0.00338	0.00338	0.0011	0.00338	0.00338
gbgene16476	GO:0008061	chitin binding	58	3	0.3	6	0.00338	0.00338	0.00338	0.0011	0.00338	0.00338
gbgene17156	GO:0008061	chitin binding	58	3	0.3	6	0.00338	0.00338	0.00338	0.0011	0.00338	0.00338
gbgene18405	GO:0008061	chitin binding	58	3	0.3	6	0.00338	0.00338	0.00338	0.0011	0.00338	0.00338
gbgene18450	GO:0008061	chitin binding	58	3	0.3	6	0.00338	0.00338	0.00338	0.0011	0.00338	0.00338
gbgene18454	GO:0008061	chitin binding	58	3	0.3	6	0.00338	0.00338	0.00338	0.0011	0.00338	0.00338
gbgene18831	GO:0008061	chitin binding	58	3	0.3	6	0.00338	0.00338	0.00338	0.0011	0.00338	0.00338
gbgene19009	GO:0008061	chitin binding	58	3	0.3	6	0.00338	0.00338	0.00338	0.0011	0.00338	0.00338
gbgene19908	GO:0008061	chitin binding	58	3	0.3	6	0.00338	0.00338	0.00338	0.0011	0.00338	0.00338
gbgene19909	GO:0008061	chitin binding	58	3	0.3	6	0.00338	0.00338	0.00338	0.0011	0.00338	0.00338
gbgene19973	GO:0008061	chitin binding	58	3	0.3	6	0.00338	0.00338	0.00338	0.0011	0.00338	0.00338
gbgene2018	GO:0008061	chitin binding	58	3	0.3	6	0.00338	0.00338	0.00338	0.0011	0.00338	0.00338
gbgene2020	GO:0008061	chitin binding	58	3	0.3	6	0.00338	0.00338	0.00338	0.0011	0.00338	0.00338
gbgene312	GO:0008061	chitin binding	58	3	0.3	6	0.00338	0.00338	0.00338	0.0011	0.00338	0.00338
gbgene3583	GO:0008061	chitin binding	58	3	0.3	6	0.00338	0.00338	0.00338	0.0011	0.00338	0.00338
gbgene405	GO:0008061	chitin binding	58	3	0.3	6	0.00338	0.00338	0.00338	0.0011	0.00338	0.00338
gbgene4641	GO:0008061	chitin binding	58	3	0.3	6	0.00338	0.00338	0.00338	0.0011	0.00338	0.00338
gbgene4995	GO:0008061	chitin binding	58	3	0.3	6	0.00338	0.00338	0.00338	0.0011	0.00338	0.00338
gbgene5054	GO:0008061	chitin binding	58	3	0.3	6	0.00338	0.00338	0.00338	0.0011	0.00338	0.00338
gbgene5205	GO:0008061	chitin binding	58	3	0.3	6	0.00338	0.00338	0.00338	0.0011	0.00338	0.00338
gbgene5207	GO:0008061	chitin binding	58	3	0.3	6	0.00338	0.00338	0.00338	0.0011	0.00338	0.00338
gbgene5714	GO:0008061	chitin binding	58	3	0.3	6	0.00338	0.00338	0.00338	0.0011	0.00338	0.00338
gbgene5717	GO:0008061	chitin binding	58	3	0.3	6	0.00338	0.00338	0.00338	0.0011	0.00338	0.00338
gbgene6353	GO:0008061	chitin binding	58	3	0.3	6	0.00338	0.00338	0.00338	0.0011	0.00338	0.00338
gbgene6744	GO:0008061	chitin binding	58	3	0.3	6	0.00338	0.00338	0.00338	0.0011	0.00338	0.00338
gbgene757	GO:0008061	chitin binding	58	3	0.3	6	0.00338	0.00338	0.00338	0.0011	0.00338	0.00338
gbgene8215	GO:0008061	chitin binding	58	3	0.3	6	0.00338	0.00338	0.00338	0.0011	0.00338	0.00338
gbgene8768	GO:0008061	chitin binding	58	3	0.3	6	0.00338	0.00338	0.00338	0.0011	0.00338	0.00338
gbgene8792	GO:0008061	chitin binding	58	3	0.3	6	0.00338	0.00338	0.00338	0.0011	0.00338	0.00338
gbgene9211	GO:0008061	chitin binding	58	3	0.3	6	0.00338	0.00338	0.00338	0.0011	0.00338	0.00338
gbgene9399	GO:0008061	chitin binding	58	3	0.3	6	0.00338	0.00338	0.00338	0.0011	0.00338	0.00338
gbgene9622	GO:0008061	chitin binding	58	3	0.3	6	0.00338	0.00338	0.00338	0.0011	0.00338	0.00338
gbgene13283	GO:0008241	peptidyl-dipeptidase activity	9	1	0.05	19	0.04599	0.04599	0.04599	0.0776	0.04599	0.04599
gbgene19414	GO:0008241	peptidyl-dipeptidase activity	9	1	0.05	19	0.04599	0.04599	0.04599	0.0776	0.04599	0.04599
gbgene6261	GO:0008241	peptidyl-dipeptidase activity	9	1	0.05	19	0.04599	0.04599	0.04599	0.0776	0.04599	0.04599
gbgene6262	GO:0008241	peptidyl-dipeptidase activity	9	1	0.05	19	0.04599	0.04599	0.04599	0.0776	0.04599	0.04599
gbgene9313	GO:0008241	peptidyl-dipeptidase activity	9	1	0.05	19	0.04599	0.04599	0.04599	0.0776	0.04599	0.04599
gbgene9314	GO:0008241	peptidyl-dipeptidase activity	9	1	0.05	19	0.04599	0.04599	0.04599	0.0776	0.04599	0.04599
gbgene9996	GO:0008241	peptidyl-dipeptidase activity	9	1	0.05	19	0.04599	0.04599	0.04599	0.0776	0.04599	0.04599
gbgene9998	GO:0008241	peptidyl-dipeptidase activity	9	1	0.05	19	0.04599	0.04599	0.04599	0.0776	0.04599	0.04599
gbgene9999	GO:0008241	peptidyl-dipeptidase activity	9	1	0.05	19	0.04599	0.04599	0.04599	0.0776	0.04599	0.04599
gbgene1027	GO:0008307	structural constituent of muscle	18	1	0.09	28	0.08990	0.08990	0.08990	0.5355	0.08990	0.08990
gbgene11358	GO:0008307	structural constituent of muscle	18	1	0.09	28	0.08990	0.08990	0.08990	0.5355	0.08990	0.08990
gbgene11537	GO:0008307	structural constituent of muscle	18	1	0.09	28	0.08990	0.08990	0.08990	0.5355	0.08990	0.08990
gbgene122	GO:0008307	structural constituent of muscle	18	1	0.09	28	0.08990	0.08990	0.08990	0.5355	0.08990	0.08990
gbgene13965	GO:0008307	structural constituent of muscle	18	1	0.09	28	0.08990	0.08990	0.08990	0.5355	0.08990	0.08990
gbgene13966	GO:0008307	structural constituent of muscle	18	1	0.09	28	0.08990	0.08990	0.08990	0.5355	0.08990	0.08990
gbgene14895	GO:0008307	structural constituent of muscle	18	1	0.09	28	0.08990	0.08990	0.08990	0.5355	0.08990	0.08990
gbgene16943	GO:0008307	structural constituent of muscle	18	1	0.09	28	0.08990	0.08990	0.08990	0.5355	0.08990	0.08990
gbgene17026	GO:0008307	structural constituent of muscle	18	1	0.09	28	0.08990	0.08990	0.08990	0.5355	0.08990	0.08990
gbgene17770	GO:0008307	structural constituent of muscle	18	1	0.09	28	0.08990	0.08990	0.08990	0.5355	0.08990	0.08990
gbgene18252	GO:0008307	structural constituent of muscle	18	1	0.09	28	0.08990	0.08990	0.08990	0.5355	0.08990	0.08990
gbgene2604	GO:0008307	structural constituent of muscle	18	1	0.09	28	0.08990	0.08990	0.08990	0.5355	0.08990	0.08990
gbgene4271	GO:0008307	structural constituent of muscle	18	1	0.09	28	0.08990	0.08990	0.08990	0.5355	0.08990	0.08990
gbgene5436	GO:0008307	structural constituent of muscle	18	1	0.09	28	0.08990	0.08990	0.08990	0.5355	0.08990	0.08990
gbgene5468	GO:0008307	structural constituent of muscle	18	1	0.09	28	0.08990	0.08990	0.08990	0.5355	0.08990	0.08990
gbgene5691	GO:0008307	structural constituent of muscle	18	1	0.09	28	0.08990	0.08990	0.08990	0.5355	0.08990	0.08990
gbgene8055	GO:0008307	structural constituent of muscle	18	1	0.09	28	0.08990	0.08990	0.08990	0.5355	0.08990	0.08990
gbgene8427	GO:0008307	structural constituent of muscle	18	1	0.09	28	0.08990	0.08990	0.08990	0.5355	0.08990	0.08990
gbgene13577	GO:0008970	phospholipase A1 activity	9	2	0.05	3	0.00094	0.00094	0.00094	0.0194	0.00094	0.00094
gbgene13646	GO:0008970	phospholipase A1 activity	9	2	0.05	3	0.00094	0.00094	0.00094	0.0194	0.00094	0.00094
gbgene13852	GO:0008970	phospholipase A1 activity	9	2	0.05	3	0.00094	0.00094	0.00094	0.0194	0.00094	0.00094
gbgene15697	GO:0008970	phospholipase A1 activity	9	2	0.05	3	0.00094	0.00094	0.00094	0.0194	0.00094	0.00094
gbgene15700	GO:0008970	phospholipase A1 activity	9	2	0.05	3	0.00094	0.00094	0.00094	0.0194	0.00094	0.00094
gbgene17119	GO:0008970	phospholipase A1 activity	9	2	0.05	3	0.00094	0.00094	0.00094	0.0194	0.00094	0.00094
gbgene2610	GO:0008970	phospholipase A1 activity	9	2	0.05	3	0.00094	0.00094	0.00094	0.0194	0.00094	0.00094
gbgene3143	GO:0008970	phospholipase A1 activity	9	2	0.05	3	0.00094	0.00094	0.00094	0.0194	0.00094	0.00094
gbgene6727	GO:0008970	phospholipase A1 activity	9	2	0.05	3	0.00094	0.00094	0.00094	0.0194	0.00094	0.00094
gbgene12311	GO:0016251	RNA polymerase II general transcription initiation factor activity	14	1	0.07	25	0.07064	0.07064	0.07064	0.5833	0.07064	0.07064
gbgene12619	GO:0016251	RNA polymerase II general transcription initiation factor activity	14	1	0.07	25	0.07064	0.07064	0.07064	0.5833	0.07064	0.07064
gbgene14226	GO:0016251	RNA polymerase II general transcription initiation factor activity	14	1	0.07	25	0.07064	0.07064	0.07064	0.5833	0.07064	0.07064
gbgene14881	GO:0016251	RNA polymerase II general transcription initiation factor activity	14	1	0.07	25	0.07064	0.07064	0.07064	0.5833	0.07064	0.07064
gbgene16312	GO:0016251	RNA polymerase II general transcription initiation factor activity	14	1	0.07	25	0.07064	0.07064	0.07064	0.5833	0.07064	0.07064
gbgene17673	GO:0016251	RNA polymerase II general transcription initiation factor activity	14	1	0.07	25	0.07064	0.07064	0.07064	0.5833	0.07064	0.07064
gbgene2932	GO:0016251	RNA polymerase II general transcription initiation factor activity	14	1	0.07	25	0.07064	0.07064	0.07064	0.5833	0.07064	0.07064
gbgene4177	GO:0016251	RNA polymerase II general transcription initiation factor activity	14	1	0.07	25	0.07064	0.07064	0.07064	0.5833	0.07064	0.07064
gbgene4344	GO:0016251	RNA polymerase II general transcription initiation factor activity	14	1	0.07	25	0.07064	0.07064	0.07064	0.5833	0.07064	0.07064
gbgene5481	GO:0016251	RNA polymerase II general transcription initiation factor activity	14	1	0.07	25	0.07064	0.07064	0.07064	0.5833	0.07064	0.07064
gbgene5784	GO:0016251	RNA polymerase II general transcription initiation factor activity	14	1	0.07	25	0.07064	0.07064	0.07064	0.5833	0.07064	0.07064
gbgene5837	GO:0016251	RNA polymerase II general transcription initiation factor activity	14	1	0.07	25	0.07064	0.07064	0.07064	0.5833	0.07064	0.07064
gbgene6255	GO:0016251	RNA polymerase II general transcription initiation factor activity	14	1	0.07	25	0.07064	0.07064	0.07064	0.5833	0.07064	0.07064
gbgene7690	GO:0016251	RNA polymerase II general transcription initiation factor activity	14	1	0.07	25	0.07064	0.07064	0.07064	0.5833	0.07064	0.07064
gbgene10715	GO:0017025	TBP-class protein binding	15	1	0.08	27	0.07549	0.07549	0.07549	0.5556	0.07549	0.07549
gbgene14549	GO:0017025	TBP-class protein binding	15	1	0.08	27	0.07549	0.07549	0.07549	0.5556	0.07549	0.07549
gbgene20187	GO:0017025	TBP-class protein binding	15	1	0.08	27	0.07549	0.07549	0.07549	0.5556	0.07549	0.07549
gbgene2026	GO:0017025	TBP-class protein binding	15	1	0.08	27	0.07549	0.07549	0.07549	0.5556	0.07549	0.07549
gbgene4344	GO:0017025	TBP-class protein binding	15	1	0.08	27	0.07549	0.07549	0.07549	0.5556	0.07549	0.07549
gbgene459	GO:0017025	TBP-class protein binding	15	1	0.08	27	0.07549	0.07549	0.07549	0.5556	0.07549	0.07549
gbgene5443	GO:0017025	TBP-class protein binding	15	1	0.08	27	0.07549	0.07549	0.07549	0.5556	0.07549	0.07549
gbgene5481	GO:0017025	TBP-class protein binding	15	1	0.08	27	0.07549	0.07549	0.07549	0.5556	0.07549	0.07549
gbgene5623	GO:0017025	TBP-class protein binding	15	1	0.08	27	0.07549	0.07549	0.07549	0.5556	0.07549	0.07549
gbgene5851	GO:0017025	TBP-class protein binding	15	1	0.08	27	0.07549	0.07549	0.07549	0.5556	0.07549	0.07549
gbgene7381	GO:0017025	TBP-class protein binding	15	1	0.08	27	0.07549	0.07549	0.07549	0.5556	0.07549	0.07549
gbgene7690	GO:0017025	TBP-class protein binding	15	1	0.08	27	0.07549	0.07549	0.07549	0.5556	0.07549	0.07549
gbgene9006	GO:0017025	TBP-class protein binding	15	1	0.08	27	0.07549	0.07549	0.07549	0.5556	0.07549	0.07549
gbgene9008	GO:0017025	TBP-class protein binding	15	1	0.08	27	0.07549	0.07549	0.07549	0.5556	0.07549	0.07549
gbgene9734	GO:0017025	TBP-class protein binding	15	1	0.08	27	0.07549	0.07549	0.07549	0.5556	0.07549	0.07549
gbgene1207	GO:0030023	extracellular matrix constituent conferring elasticity	10	1	0.05	21	0.05097	0.05097	0.05097	0.2988	1.00000	0.05097
gbgene13455	GO:0030023	extracellular matrix constituent conferring elasticity	10	1	0.05	21	0.05097	0.05097	0.05097	0.2988	1.00000	0.05097
gbgene13457	GO:0030023	extracellular matrix constituent conferring elasticity	10	1	0.05	21	0.05097	0.05097	0.05097	0.2988	1.00000	0.05097
gbgene13458	GO:0030023	extracellular matrix constituent conferring elasticity	10	1	0.05	21	0.05097	0.05097	0.05097	0.2988	1.00000	0.05097
gbgene13460	GO:0030023	extracellular matrix constituent conferring elasticity	10	1	0.05	21	0.05097	0.05097	0.05097	0.2988	1.00000	0.05097
gbgene13461	GO:0030023	extracellular matrix constituent conferring elasticity	10	1	0.05	21	0.05097	0.05097	0.05097	0.2988	1.00000	0.05097
gbgene13462	GO:0030023	extracellular matrix constituent conferring elasticity	10	1	0.05	21	0.05097	0.05097	0.05097	0.2988	1.00000	0.05097
gbgene14591	GO:0030023	extracellular matrix constituent conferring elasticity	10	1	0.05	21	0.05097	0.05097	0.05097	0.2988	1.00000	0.05097
gbgene4641	GO:0030023	extracellular matrix constituent conferring elasticity	10	1	0.05	21	0.05097	0.05097	0.05097	0.2988	1.00000	0.05097
gbgene757	GO:0030023	extracellular matrix constituent conferring elasticity	10	1	0.05	21	0.05097	0.05097	0.05097	0.2988	1.00000	0.05097
gbgene10064	GO:0042302	structural constituent of cuticle	117	21	0.61	1	6.9e-28	6.9e-28	6.4e-28	2e-13	9.9e-28	6.9e-28
gbgene10227	GO:0042302	structural constituent of cuticle	117	21	0.61	1	6.9e-28	6.9e-28	6.4e-28	2e-13	9.9e-28	6.9e-28
gbgene10284	GO:0042302	structural constituent of cuticle	117	21	0.61	1	6.9e-28	6.9e-28	6.4e-28	2e-13	9.9e-28	6.9e-28
gbgene11355	GO:0042302	structural constituent of cuticle	117	21	0.61	1	6.9e-28	6.9e-28	6.4e-28	2e-13	9.9e-28	6.9e-28
gbgene11356	GO:0042302	structural constituent of cuticle	117	21	0.61	1	6.9e-28	6.9e-28	6.4e-28	2e-13	9.9e-28	6.9e-28
gbgene11357	GO:0042302	structural constituent of cuticle	117	21	0.61	1	6.9e-28	6.9e-28	6.4e-28	2e-13	9.9e-28	6.9e-28
gbgene11360	GO:0042302	structural constituent of cuticle	117	21	0.61	1	6.9e-28	6.9e-28	6.4e-28	2e-13	9.9e-28	6.9e-28
gbgene11479	GO:0042302	structural constituent of cuticle	117	21	0.61	1	6.9e-28	6.9e-28	6.4e-28	2e-13	9.9e-28	6.9e-28
gbgene11960	GO:0042302	structural constituent of cuticle	117	21	0.61	1	6.9e-28	6.9e-28	6.4e-28	2e-13	9.9e-28	6.9e-28
gbgene11961	GO:0042302	structural constituent of cuticle	117	21	0.61	1	6.9e-28	6.9e-28	6.4e-28	2e-13	9.9e-28	6.9e-28
gbgene11962	GO:0042302	structural constituent of cuticle	117	21	0.61	1	6.9e-28	6.9e-28	6.4e-28	2e-13	9.9e-28	6.9e-28
gbgene11963	GO:0042302	structural constituent of cuticle	117	21	0.61	1	6.9e-28	6.9e-28	6.4e-28	2e-13	9.9e-28	6.9e-28
gbgene11964	GO:0042302	structural constituent of cuticle	117	21	0.61	1	6.9e-28	6.9e-28	6.4e-28	2e-13	9.9e-28	6.9e-28
gbgene11965	GO:0042302	structural constituent of cuticle	117	21	0.61	1	6.9e-28	6.9e-28	6.4e-28	2e-13	9.9e-28	6.9e-28
gbgene11966	GO:0042302	structural constituent of cuticle	117	21	0.61	1	6.9e-28	6.9e-28	6.4e-28	2e-13	9.9e-28	6.9e-28
gbgene11967	GO:0042302	structural constituent of cuticle	117	21	0.61	1	6.9e-28	6.9e-28	6.4e-28	2e-13	9.9e-28	6.9e-28
gbgene1207	GO:0042302	structural constituent of cuticle	117	21	0.61	1	6.9e-28	6.9e-28	6.4e-28	2e-13	9.9e-28	6.9e-28
gbgene12318	GO:0042302	structural constituent of cuticle	117	21	0.61	1	6.9e-28	6.9e-28	6.4e-28	2e-13	9.9e-28	6.9e-28
gbgene12651	GO:0042302	structural constituent of cuticle	117	21	0.61	1	6.9e-28	6.9e-28	6.4e-28	2e-13	9.9e-28	6.9e-28
gbgene12652	GO:0042302	structural constituent of cuticle	117	21	0.61	1	6.9e-28	6.9e-28	6.4e-28	2e-13	9.9e-28	6.9e-28
gbgene12653	GO:0042302	structural constituent of cuticle	117	21	0.61	1	6.9e-28	6.9e-28	6.4e-28	2e-13	9.9e-28	6.9e-28
gbgene12654	GO:0042302	structural constituent of cuticle	117	21	0.61	1	6.9e-28	6.9e-28	6.4e-28	2e-13	9.9e-28	6.9e-28
gbgene12778	GO:0042302	structural constituent of cuticle	117	21	0.61	1	6.9e-28	6.9e-28	6.4e-28	2e-13	9.9e-28	6.9e-28
gbgene1300	GO:0042302	structural constituent of cuticle	117	21	0.61	1	6.9e-28	6.9e-28	6.4e-28	2e-13	9.9e-28	6.9e-28
gbgene13102	GO:0042302	structural constituent of cuticle	117	21	0.61	1	6.9e-28	6.9e-28	6.4e-28	2e-13	9.9e-28	6.9e-28
gbgene13455	GO:0042302	structural constituent of cuticle	117	21	0.61	1	6.9e-28	6.9e-28	6.4e-28	2e-13	9.9e-28	6.9e-28
gbgene13457	GO:0042302	structural constituent of cuticle	117	21	0.61	1	6.9e-28	6.9e-28	6.4e-28	2e-13	9.9e-28	6.9e-28
gbgene13458	GO:0042302	structural constituent of cuticle	117	21	0.61	1	6.9e-28	6.9e-28	6.4e-28	2e-13	9.9e-28	6.9e-28
gbgene13460	GO:0042302	structural constituent of cuticle	117	21	0.61	1	6.9e-28	6.9e-28	6.4e-28	2e-13	9.9e-28	6.9e-28
gbgene13461	GO:0042302	structural constituent of cuticle	117	21	0.61	1	6.9e-28	6.9e-28	6.4e-28	2e-13	9.9e-28	6.9e-28
gbgene13462	GO:0042302	structural constituent of cuticle	117	21	0.61	1	6.9e-28	6.9e-28	6.4e-28	2e-13	9.9e-28	6.9e-28
gbgene14852	GO:0042302	structural constituent of cuticle	117	21	0.61	1	6.9e-28	6.9e-28	6.4e-28	2e-13	9.9e-28	6.9e-28
gbgene15499	GO:0042302	structural constituent of cuticle	117	21	0.61	1	6.9e-28	6.9e-28	6.4e-28	2e-13	9.9e-28	6.9e-28
gbgene15500	GO:0042302	structural constituent of cuticle	117	21	0.61	1	6.9e-28	6.9e-28	6.4e-28	2e-13	9.9e-28	6.9e-28
gbgene15501	GO:0042302	structural constituent of cuticle	117	21	0.61	1	6.9e-28	6.9e-28	6.4e-28	2e-13	9.9e-28	6.9e-28
gbgene15502	GO:0042302	structural constituent of cuticle	117	21	0.61	1	6.9e-28	6.9e-28	6.4e-28	2e-13	9.9e-28	6.9e-28
gbgene15503	GO:0042302	structural constituent of cuticle	117	21	0.61	1	6.9e-28	6.9e-28	6.4e-28	2e-13	9.9e-28	6.9e-28
gbgene15504	GO:0042302	structural constituent of cuticle	117	21	0.61	1	6.9e-28	6.9e-28	6.4e-28	2e-13	9.9e-28	6.9e-28
gbgene15505	GO:0042302	structural constituent of cuticle	117	21	0.61	1	6.9e-28	6.9e-28	6.4e-28	2e-13	9.9e-28	6.9e-28
gbgene15506	GO:0042302	structural constituent of cuticle	117	21	0.61	1	6.9e-28	6.9e-28	6.4e-28	2e-13	9.9e-28	6.9e-28
gbgene15509	GO:0042302	structural constituent of cuticle	117	21	0.61	1	6.9e-28	6.9e-28	6.4e-28	2e-13	9.9e-28	6.9e-28
gbgene15684	GO:0042302	structural constituent of cuticle	117	21	0.61	1	6.9e-28	6.9e-28	6.4e-28	2e-13	9.9e-28	6.9e-28
gbgene15687	GO:0042302	structural constituent of cuticle	117	21	0.61	1	6.9e-28	6.9e-28	6.4e-28	2e-13	9.9e-28	6.9e-28
gbgene15749	GO:0042302	structural constituent of cuticle	117	21	0.61	1	6.9e-28	6.9e-28	6.4e-28	2e-13	9.9e-28	6.9e-28
gbgene16276	GO:0042302	structural constituent of cuticle	117	21	0.61	1	6.9e-28	6.9e-28	6.4e-28	2e-13	9.9e-28	6.9e-28
gbgene16423	GO:0042302	structural constituent of cuticle	117	21	0.61	1	6.9e-28	6.9e-28	6.4e-28	2e-13	9.9e-28	6.9e-28
gbgene16467	GO:0042302	structural constituent of cuticle	117	21	0.61	1	6.9e-28	6.9e-28	6.4e-28	2e-13	9.9e-28	6.9e-28
gbgene1647	GO:0042302	structural constituent of cuticle	117	21	0.61	1	6.9e-28	6.9e-28	6.4e-28	2e-13	9.9e-28	6.9e-28
gbgene16470	GO:0042302	structural constituent of cuticle	117	21	0.61	1	6.9e-28	6.9e-28	6.4e-28	2e-13	9.9e-28	6.9e-28
gbgene16474	GO:0042302	structural constituent of cuticle	117	21	0.61	1	6.9e-28	6.9e-28	6.4e-28	2e-13	9.9e-28	6.9e-28
gbgene16476	GO:0042302	structural constituent of cuticle	117	21	0.61	1	6.9e-28	6.9e-28	6.4e-28	2e-13	9.9e-28	6.9e-28
gbgene16565	GO:0042302	structural constituent of cuticle	117	21	0.61	1	6.9e-28	6.9e-28	6.4e-28	2e-13	9.9e-28	6.9e-28
gbgene16626	GO:0042302	structural constituent of cuticle	117	21	0.61	1	6.9e-28	6.9e-28	6.4e-28	2e-13	9.9e-28	6.9e-28
gbgene16650	GO:0042302	structural constituent of cuticle	117	21	0.61	1	6.9e-28	6.9e-28	6.4e-28	2e-13	9.9e-28	6.9e-28
gbgene17628	GO:0042302	structural constituent of cuticle	117	21	0.61	1	6.9e-28	6.9e-28	6.4e-28	2e-13	9.9e-28	6.9e-28
gbgene18256	GO:0042302	structural constituent of cuticle	117	21	0.61	1	6.9e-28	6.9e-28	6.4e-28	2e-13	9.9e-28	6.9e-28
gbgene18432	GO:0042302	structural constituent of cuticle	117	21	0.61	1	6.9e-28	6.9e-28	6.4e-28	2e-13	9.9e-28	6.9e-28
gbgene18831	GO:0042302	structural constituent of cuticle	117	21	0.61	1	6.9e-28	6.9e-28	6.4e-28	2e-13	9.9e-28	6.9e-28
gbgene18912	GO:0042302	structural constituent of cuticle	117	21	0.61	1	6.9e-28	6.9e-28	6.4e-28	2e-13	9.9e-28	6.9e-28
gbgene241	GO:0042302	structural constituent of cuticle	117	21	0.61	1	6.9e-28	6.9e-28	6.4e-28	2e-13	9.9e-28	6.9e-28
gbgene2941	GO:0042302	structural constituent of cuticle	117	21	0.61	1	6.9e-28	6.9e-28	6.4e-28	2e-13	9.9e-28	6.9e-28
gbgene3525	GO:0042302	structural constituent of cuticle	117	21	0.61	1	6.9e-28	6.9e-28	6.4e-28	2e-13	9.9e-28	6.9e-28
gbgene3941	GO:0042302	structural constituent of cuticle	117	21	0.61	1	6.9e-28	6.9e-28	6.4e-28	2e-13	9.9e-28	6.9e-28
gbgene4641	GO:0042302	structural constituent of cuticle	117	21	0.61	1	6.9e-28	6.9e-28	6.4e-28	2e-13	9.9e-28	6.9e-28
gbgene4699	GO:0042302	structural constituent of cuticle	117	21	0.61	1	6.9e-28	6.9e-28	6.4e-28	2e-13	9.9e-28	6.9e-28
gbgene4708	GO:0042302	structural constituent of cuticle	117	21	0.61	1	6.9e-28	6.9e-28	6.4e-28	2e-13	9.9e-28	6.9e-28
gbgene4711	GO:0042302	structural constituent of cuticle	117	21	0.61	1	6.9e-28	6.9e-28	6.4e-28	2e-13	9.9e-28	6.9e-28
gbgene4784	GO:0042302	structural constituent of cuticle	117	21	0.61	1	6.9e-28	6.9e-28	6.4e-28	2e-13	9.9e-28	6.9e-28
gbgene4785	GO:0042302	structural constituent of cuticle	117	21	0.61	1	6.9e-28	6.9e-28	6.4e-28	2e-13	9.9e-28	6.9e-28
gbgene4786	GO:0042302	structural constituent of cuticle	117	21	0.61	1	6.9e-28	6.9e-28	6.4e-28	2e-13	9.9e-28	6.9e-28
gbgene4788	GO:0042302	structural constituent of cuticle	117	21	0.61	1	6.9e-28	6.9e-28	6.4e-28	2e-13	9.9e-28	6.9e-28
gbgene4791	GO:0042302	structural constituent of cuticle	117	21	0.61	1	6.9e-28	6.9e-28	6.4e-28	2e-13	9.9e-28	6.9e-28
gbgene4792	GO:0042302	structural constituent of cuticle	117	21	0.61	1	6.9e-28	6.9e-28	6.4e-28	2e-13	9.9e-28	6.9e-28
gbgene4793	GO:0042302	structural constituent of cuticle	117	21	0.61	1	6.9e-28	6.9e-28	6.4e-28	2e-13	9.9e-28	6.9e-28
gbgene4794	GO:0042302	structural constituent of cuticle	117	21	0.61	1	6.9e-28	6.9e-28	6.4e-28	2e-13	9.9e-28	6.9e-28
gbgene5075	GO:0042302	structural constituent of cuticle	117	21	0.61	1	6.9e-28	6.9e-28	6.4e-28	2e-13	9.9e-28	6.9e-28
gbgene5865	GO:0042302	structural constituent of cuticle	117	21	0.61	1	6.9e-28	6.9e-28	6.4e-28	2e-13	9.9e-28	6.9e-28
gbgene6379	GO:0042302	structural constituent of cuticle	117	21	0.61	1	6.9e-28	6.9e-28	6.4e-28	2e-13	9.9e-28	6.9e-28
gbgene6406	GO:0042302	structural constituent of cuticle	117	21	0.61	1	6.9e-28	6.9e-28	6.4e-28	2e-13	9.9e-28	6.9e-28
gbgene6820	GO:0042302	structural constituent of cuticle	117	21	0.61	1	6.9e-28	6.9e-28	6.4e-28	2e-13	9.9e-28	6.9e-28
gbgene6821	GO:0042302	structural constituent of cuticle	117	21	0.61	1	6.9e-28	6.9e-28	6.4e-28	2e-13	9.9e-28	6.9e-28
gbgene6947	GO:0042302	structural constituent of cuticle	117	21	0.61	1	6.9e-28	6.9e-28	6.4e-28	2e-13	9.9e-28	6.9e-28
gbgene7120	GO:0042302	structural constituent of cuticle	117	21	0.61	1	6.9e-28	6.9e-28	6.4e-28	2e-13	9.9e-28	6.9e-28
gbgene7134	GO:0042302	structural constituent of cuticle	117	21	0.61	1	6.9e-28	6.9e-28	6.4e-28	2e-13	9.9e-28	6.9e-28
gbgene7139	GO:0042302	structural constituent of cuticle	117	21	0.61	1	6.9e-28	6.9e-28	6.4e-28	2e-13	9.9e-28	6.9e-28
gbgene7140	GO:0042302	structural constituent of cuticle	117	21	0.61	1	6.9e-28	6.9e-28	6.4e-28	2e-13	9.9e-28	6.9e-28
gbgene7141	GO:0042302	structural constituent of cuticle	117	21	0.61	1	6.9e-28	6.9e-28	6.4e-28	2e-13	9.9e-28	6.9e-28
gbgene7142	GO:0042302	structural constituent of cuticle	117	21	0.61	1	6.9e-28	6.9e-28	6.4e-28	2e-13	9.9e-28	6.9e-28
gbgene7145	GO:0042302	structural constituent of cuticle	117	21	0.61	1	6.9e-28	6.9e-28	6.4e-28	2e-13	9.9e-28	6.9e-28
gbgene7146	GO:0042302	structural constituent of cuticle	117	21	0.61	1	6.9e-28	6.9e-28	6.4e-28	2e-13	9.9e-28	6.9e-28
gbgene7147	GO:0042302	structural constituent of cuticle	117	21	0.61	1	6.9e-28	6.9e-28	6.4e-28	2e-13	9.9e-28	6.9e-28
gbgene7149	GO:0042302	structural constituent of cuticle	117	21	0.61	1	6.9e-28	6.9e-28	6.4e-28	2e-13	9.9e-28	6.9e-28
gbgene7150	GO:0042302	structural constituent of cuticle	117	21	0.61	1	6.9e-28	6.9e-28	6.4e-28	2e-13	9.9e-28	6.9e-28
gbgene7151	GO:0042302	structural constituent of cuticle	117	21	0.61	1	6.9e-28	6.9e-28	6.4e-28	2e-13	9.9e-28	6.9e-28
gbgene7152	GO:0042302	structural constituent of cuticle	117	21	0.61	1	6.9e-28	6.9e-28	6.4e-28	2e-13	9.9e-28	6.9e-28
gbgene7153	GO:0042302	structural constituent of cuticle	117	21	0.61	1	6.9e-28	6.9e-28	6.4e-28	2e-13	9.9e-28	6.9e-28
gbgene7155	GO:0042302	structural constituent of cuticle	117	21	0.61	1	6.9e-28	6.9e-28	6.4e-28	2e-13	9.9e-28	6.9e-28
gbgene7164	GO:0042302	structural constituent of cuticle	117	21	0.61	1	6.9e-28	6.9e-28	6.4e-28	2e-13	9.9e-28	6.9e-28
gbgene7165	GO:0042302	structural constituent of cuticle	117	21	0.61	1	6.9e-28	6.9e-28	6.4e-28	2e-13	9.9e-28	6.9e-28
gbgene7166	GO:0042302	structural constituent of cuticle	117	21	0.61	1	6.9e-28	6.9e-28	6.4e-28	2e-13	9.9e-28	6.9e-28
gbgene757	GO:0042302	structural constituent of cuticle	117	21	0.61	1	6.9e-28	6.9e-28	6.4e-28	2e-13	9.9e-28	6.9e-28
gbgene8221	GO:0042302	structural constituent of cuticle	117	21	0.61	1	6.9e-28	6.9e-28	6.4e-28	2e-13	9.9e-28	6.9e-28
gbgene8222	GO:0042302	structural constituent of cuticle	117	21	0.61	1	6.9e-28	6.9e-28	6.4e-28	2e-13	9.9e-28	6.9e-28
gbgene854	GO:0042302	structural constituent of cuticle	117	21	0.61	1	6.9e-28	6.9e-28	6.4e-28	2e-13	9.9e-28	6.9e-28
gbgene857	GO:0042302	structural constituent of cuticle	117	21	0.61	1	6.9e-28	6.9e-28	6.4e-28	2e-13	9.9e-28	6.9e-28
gbgene859	GO:0042302	structural constituent of cuticle	117	21	0.61	1	6.9e-28	6.9e-28	6.4e-28	2e-13	9.9e-28	6.9e-28
gbgene9375	GO:0042302	structural constituent of cuticle	117	21	0.61	1	6.9e-28	6.9e-28	6.4e-28	2e-13	9.9e-28	6.9e-28
gbgene9376	GO:0042302	structural constituent of cuticle	117	21	0.61	1	6.9e-28	6.9e-28	6.4e-28	2e-13	9.9e-28	6.9e-28
gbgene9377	GO:0042302	structural constituent of cuticle	117	21	0.61	1	6.9e-28	6.9e-28	6.4e-28	2e-13	9.9e-28	6.9e-28
gbgene9378	GO:0042302	structural constituent of cuticle	117	21	0.61	1	6.9e-28	6.9e-28	6.4e-28	2e-13	9.9e-28	6.9e-28
gbgene9379	GO:0042302	structural constituent of cuticle	117	21	0.61	1	6.9e-28	6.9e-28	6.4e-28	2e-13	9.9e-28	6.9e-28
gbgene9380	GO:0042302	structural constituent of cuticle	117	21	0.61	1	6.9e-28	6.9e-28	6.4e-28	2e-13	9.9e-28	6.9e-28
gbgene9381	GO:0042302	structural constituent of cuticle	117	21	0.61	1	6.9e-28	6.9e-28	6.4e-28	2e-13	9.9e-28	6.9e-28
gbgene9382	GO:0042302	structural constituent of cuticle	117	21	0.61	1	6.9e-28	6.9e-28	6.4e-28	2e-13	9.9e-28	6.9e-28
gbgene9383	GO:0042302	structural constituent of cuticle	117	21	0.61	1	6.9e-28	6.9e-28	6.4e-28	2e-13	9.9e-28	6.9e-28
gbgene9384	GO:0042302	structural constituent of cuticle	117	21	0.61	1	6.9e-28	6.9e-28	6.4e-28	2e-13	9.9e-28	6.9e-28
gbgene9964	GO:0042302	structural constituent of cuticle	117	21	0.61	1	6.9e-28	6.9e-28	6.4e-28	2e-13	9.9e-28	6.9e-28
gbgene1045	GO:0044390	ubiquitin-like protein conjugating enzyme binding	26	1	0.14	33	0.12727	0.12727	0.12727	0.0319	0.12727	0.12727
gbgene15423	GO:0044390	ubiquitin-like protein conjugating enzyme binding	26	1	0.14	33	0.12727	0.12727	0.12727	0.0319	0.12727	0.12727
gbgene16882	GO:0044390	ubiquitin-like protein conjugating enzyme binding	26	1	0.14	33	0.12727	0.12727	0.12727	0.0319	0.12727	0.12727
gbgene1702	GO:0044390	ubiquitin-like protein conjugating enzyme binding	26	1	0.14	33	0.12727	0.12727	0.12727	0.0319	0.12727	0.12727
gbgene1756	GO:0044390	ubiquitin-like protein conjugating enzyme binding	26	1	0.14	33	0.12727	0.12727	0.12727	0.0319	0.12727	0.12727
gbgene17758	GO:0044390	ubiquitin-like protein conjugating enzyme binding	26	1	0.14	33	0.12727	0.12727	0.12727	0.0319	0.12727	0.12727
gbgene196	GO:0044390	ubiquitin-like protein conjugating enzyme binding	26	1	0.14	33	0.12727	0.12727	0.12727	0.0319	0.12727	0.12727
gbgene20029	GO:0044390	ubiquitin-like protein conjugating enzyme binding	26	1	0.14	33	0.12727	0.12727	0.12727	0.0319	0.12727	0.12727
gbgene2027	GO:0044390	ubiquitin-like protein conjugating enzyme binding	26	1	0.14	33	0.12727	0.12727	0.12727	0.0319	0.12727	0.12727
gbgene2080	GO:0044390	ubiquitin-like protein conjugating enzyme binding	26	1	0.14	33	0.12727	0.12727	0.12727	0.0319	0.12727	0.12727
gbgene2082	GO:0044390	ubiquitin-like protein conjugating enzyme binding	26	1	0.14	33	0.12727	0.12727	0.12727	0.0319	0.12727	0.12727
gbgene242	GO:0044390	ubiquitin-like protein conjugating enzyme binding	26	1	0.14	33	0.12727	0.12727	0.12727	0.0319	0.12727	0.12727
gbgene2536	GO:0044390	ubiquitin-like protein conjugating enzyme binding	26	1	0.14	33	0.12727	0.12727	0.12727	0.0319	0.12727	0.12727
gbgene2541	GO:0044390	ubiquitin-like protein conjugating enzyme binding	26	1	0.14	33	0.12727	0.12727	0.12727	0.0319	0.12727	0.12727
gbgene2546	GO:0044390	ubiquitin-like protein conjugating enzyme binding	26	1	0.14	33	0.12727	0.12727	0.12727	0.0319	0.12727	0.12727
gbgene3299	GO:0044390	ubiquitin-like protein conjugating enzyme binding	26	1	0.14	33	0.12727	0.12727	0.12727	0.0319	0.12727	0.12727
gbgene4226	GO:0044390	ubiquitin-like protein conjugating enzyme binding	26	1	0.14	33	0.12727	0.12727	0.12727	0.0319	0.12727	0.12727
gbgene457	GO:0044390	ubiquitin-like protein conjugating enzyme binding	26	1	0.14	33	0.12727	0.12727	0.12727	0.0319	0.12727	0.12727
gbgene4712	GO:0044390	ubiquitin-like protein conjugating enzyme binding	26	1	0.14	33	0.12727	0.12727	0.12727	0.0319	0.12727	0.12727
gbgene5733	GO:0044390	ubiquitin-like protein conjugating enzyme binding	26	1	0.14	33	0.12727	0.12727	0.12727	0.0319	0.12727	0.12727
gbgene6404	GO:0044390	ubiquitin-like protein conjugating enzyme binding	26	1	0.14	33	0.12727	0.12727	0.12727	0.0319	0.12727	0.12727
gbgene7207	GO:0044390	ubiquitin-like protein conjugating enzyme binding	26	1	0.14	33	0.12727	0.12727	0.12727	0.0319	0.12727	0.12727
gbgene8485	GO:0044390	ubiquitin-like protein conjugating enzyme binding	26	1	0.14	33	0.12727	0.12727	0.12727	0.0319	0.12727	0.12727
gbgene8802	GO:0044390	ubiquitin-like protein conjugating enzyme binding	26	1	0.14	33	0.12727	0.12727	0.12727	0.0319	0.12727	0.12727
gbgene8827	GO:0044390	ubiquitin-like protein conjugating enzyme binding	26	1	0.14	33	0.12727	0.12727	0.12727	0.0319	0.12727	0.12727
gbgene9682	GO:0044390	ubiquitin-like protein conjugating enzyme binding	26	1	0.14	33	0.12727	0.12727	0.12727	0.0319	0.12727	0.12727
gbgene13577	GO:0052739	phosphatidylserine 1-acylhydrolase activity	7	1	0.04	16	0.03595	0.03595	0.03595	0.1813	0.03595	0.03595
gbgene13646	GO:0052739	phosphatidylserine 1-acylhydrolase activity	7	1	0.04	16	0.03595	0.03595	0.03595	0.1813	0.03595	0.03595
gbgene13852	GO:0052739	phosphatidylserine 1-acylhydrolase activity	7	1	0.04	16	0.03595	0.03595	0.03595	0.1813	0.03595	0.03595
gbgene15697	GO:0052739	phosphatidylserine 1-acylhydrolase activity	7	1	0.04	16	0.03595	0.03595	0.03595	0.1813	0.03595	0.03595
gbgene15700	GO:0052739	phosphatidylserine 1-acylhydrolase activity	7	1	0.04	16	0.03595	0.03595	0.03595	0.1813	0.03595	0.03595
gbgene17119	GO:0052739	phosphatidylserine 1-acylhydrolase activity	7	1	0.04	16	0.03595	0.03595	0.03595	0.1813	0.03595	0.03595
gbgene3143	GO:0052739	phosphatidylserine 1-acylhydrolase activity	7	1	0.04	16	0.03595	0.03595	0.03595	0.1813	0.03595	0.03595
gbgene13577	GO:0052740	1-acyl-2-lysophosphatidylserine acylhydrolase activity	7	1	0.04	17	0.03595	0.03595	0.03595	0.1813	0.03595	0.03595
gbgene13646	GO:0052740	1-acyl-2-lysophosphatidylserine acylhydrolase activity	7	1	0.04	17	0.03595	0.03595	0.03595	0.1813	0.03595	0.03595
gbgene13852	GO:0052740	1-acyl-2-lysophosphatidylserine acylhydrolase activity	7	1	0.04	17	0.03595	0.03595	0.03595	0.1813	0.03595	0.03595
gbgene15697	GO:0052740	1-acyl-2-lysophosphatidylserine acylhydrolase activity	7	1	0.04	17	0.03595	0.03595	0.03595	0.1813	0.03595	0.03595
gbgene15700	GO:0052740	1-acyl-2-lysophosphatidylserine acylhydrolase activity	7	1	0.04	17	0.03595	0.03595	0.03595	0.1813	0.03595	0.03595
gbgene17119	GO:0052740	1-acyl-2-lysophosphatidylserine acylhydrolase activity	7	1	0.04	17	0.03595	0.03595	0.03595	0.1813	0.03595	0.03595
gbgene3143	GO:0052740	1-acyl-2-lysophosphatidylserine acylhydrolase activity	7	1	0.04	17	0.03595	0.03595	0.03595	0.1813	0.03595	0.03595
gbgene1207	GO:0097493	structural molecule activity conferring elasticity	14	2	0.07	5	0.00233	0.00233	0.02033	0.1088	0.00233	0.00233
gbgene13455	GO:0097493	structural molecule activity conferring elasticity	14	2	0.07	5	0.00233	0.00233	0.02033	0.1088	0.00233	0.00233
gbgene13457	GO:0097493	structural molecule activity conferring elasticity	14	2	0.07	5	0.00233	0.00233	0.02033	0.1088	0.00233	0.00233
gbgene13458	GO:0097493	structural molecule activity conferring elasticity	14	2	0.07	5	0.00233	0.00233	0.02033	0.1088	0.00233	0.00233
gbgene13460	GO:0097493	structural molecule activity conferring elasticity	14	2	0.07	5	0.00233	0.00233	0.02033	0.1088	0.00233	0.00233
gbgene13461	GO:0097493	structural molecule activity conferring elasticity	14	2	0.07	5	0.00233	0.00233	0.02033	0.1088	0.00233	0.00233
gbgene13462	GO:0097493	structural molecule activity conferring elasticity	14	2	0.07	5	0.00233	0.00233	0.02033	0.1088	0.00233	0.00233
gbgene14591	GO:0097493	structural molecule activity conferring elasticity	14	2	0.07	5	0.00233	0.00233	0.02033	0.1088	0.00233	0.00233
gbgene14895	GO:0097493	structural molecule activity conferring elasticity	14	2	0.07	5	0.00233	0.00233	0.02033	0.1088	0.00233	0.00233
gbgene16943	GO:0097493	structural molecule activity conferring elasticity	14	2	0.07	5	0.00233	0.00233	0.02033	0.1088	0.00233	0.00233
gbgene18252	GO:0097493	structural molecule activity conferring elasticity	14	2	0.07	5	0.00233	0.00233	0.02033	0.1088	0.00233	0.00233
gbgene4641	GO:0097493	structural molecule activity conferring elasticity	14	2	0.07	5	0.00233	0.00233	0.02033	0.1088	0.00233	0.00233
gbgene5691	GO:0097493	structural molecule activity conferring elasticity	14	2	0.07	5	0.00233	0.00233	0.02033	0.1088	0.00233	0.00233
gbgene757	GO:0097493	structural molecule activity conferring elasticity	14	2	0.07	5	0.00233	0.00233	0.02033	0.1088	0.00233	0.00233
